driverId,name,ssn,location,certified,wage-plan
10,Jennifer Higgins,397-67-1971,"44302 Jesse Freeway Suite 534
West Jennifershire, FL 35324",N,hours
11,Sharon Daniels,177-77-1803,"8981 Jeffrey Brook
Wintersmouth, NV 92152",N,miles
12,Bryan Mcmillan,151-74-6646,"92948 Bethany Branch Suite 660
Heatherfort, LA 56862",N,miles
13,Zachary Todd,302-82-3410,"53418 Beck Drive
Goodmanberg, MI 80711",Y,miles
14,Melissa Francis,444-37-9548,"82932 Mark Extensions
West Jasonshire, AL 21132",N,hours
15,Jessica Santiago,665-55-4685,"355 Dawn Expressway Suite 728
South Jeffreyborough, IN 27837",N,hours
16,Timothy Mason,575-13-6836,"848 Aaron Hills Suite 658
Calvinhaven, MD 58451",N,miles
17,Michael Griffin,794-98-1571,"318 White Canyon
Erinhaven, FL 88230",Y,miles
18,Ann Cervantes,867-85-5685,"84549 Wade Course Suite 810
East Peter, FM 69939",N,hours
19,Christine Wallace,877-18-5839,"776 Lamb Brook
Lake Timothychester, UT 19273",Y,miles
20,Michael Rodriguez,102-19-4361,"5837 Courtney Stream Suite 448
Williamville, ID 20015",N,miles
21,David Deleon,401-42-2426,"2600 Meghan Forest Apt. 801
Hahnmouth, SC 95751",Y,hours
22,Renee Olson,548-69-9568,"584 Juan Spur
West Scottside, DC 75513",N,miles
23,Brandon Smith,641-27-7647,"995 Lynn Ports Suite 536
Bellton, NJ 23536",Y,miles
24,Crystal May,853-78-8666,"020 Andrew Course
South Wayne, ME 36180",N,hours
25,Glenda Price,462-31-4601,"086 Morrison Isle Suite 530
Aliciabury, VA 64429",N,hours
26,James Noble,154-90-4800,"929 Kimberly Heights Suite 599
South Victoria, PR 03172",N,miles
27,Walter Adams PhD,006-30-6058,"2928 Yolanda Coves Suite 291
South Richardburgh, GU 29719",Y,hours
28,Christopher Roberts,676-96-4500,"760 Edwards Flat
Boothmouth, NH 40971",N,hours
29,David Ball,090-64-1114,"702 Joyce Viaduct Suite 322
Stephaniefort, WY 34848",N,hours
30,Michael Thompson,793-12-6264,"786 Andrea Village Suite 905
West Kevinfort, AS 74140",Y,miles
31,Lisa Brown,589-89-4385,"17985 Parsons Islands Apt. 515
East Jessica, WV 60029",Y,miles
32,Amy Mercer,066-15-5956,"704 Vaughn Run Suite 985
Pottsmouth, WV 02823",Y,hours
33,Kevin Hawkins,565-23-6120,"9430 Kelly Divide
Gordontown, TX 07599",N,miles
34,Anthony Moore,763-03-5280,"Unit 2788 Box 5866
DPO AE 10805",N,miles
35,Alex Hardy,855-62-9112,"68399 Clark Loop
Rebeccaland, DE 95055",N,miles
36,Becky Armstrong,205-78-6395,"535 Mcpherson Rest
Millermouth, MA 72878",N,hours
37,Evelyn Morales,476-61-5734,"927 Jackson Harbors Suite 591
North Anna, AL 33888",N,hours
38,Mark Williams,520-14-6359,"1995 David Mills
Davidfort, ME 43151",Y,miles
39,Daniel Miranda,478-45-3593,"432 Jonathan Brooks Suite 948
Clarkton, PA 47802",Y,hours
40,Michael Hale,299-85-5453,"2609 Ryan Knoll Apt. 164
Lake Jessica, AS 51160",Y,hours
41,April Jones,761-35-6337,"978 Christy Summit
Port Regina, PW 40845",Y,hours
42,Kenneth Rivers,732-06-7183,"974 Ramirez Estates Apt. 180
Waltersstad, GU 99002",N,hours
43,Jeffrey Dunn,197-08-5078,"3344 Burns Hill Suite 422
Cunninghamshire, CA 67813",N,miles
44,Steven Gordon,388-11-9392,"662 Keith Plaza
Michelleshire, MO 48442",Y,miles
45,Timothy Mckinney,852-26-9730,"84800 Cathy Via Suite 889
Bryanview, MD 85819",Y,hours
46,Maureen Griffith,397-52-4176,"0098 Austin Rapid Suite 240
Brownhaven, NM 95391",Y,miles
47,Gina Garcia,530-55-3938,"803 Carolyn Mountain Apt. 378
North Kaitlynbury, VT 58104",N,miles
48,Jessica Rodriguez,825-58-9711,"1620 Bailey Motorway Apt. 973
East Michele, ME 36854",N,hours
49,Tiffany Hill,808-08-0415,"040 Schaefer Pike Apt. 878
South Tylerside, WI 40506",Y,miles
50,Isabella Nunez,024-67-8053,"956 Keith Walks Suite 799
West Kelly, DE 51837",Y,hours
51,Kenneth Burns,687-78-3789,"57453 Adams Estates
Amberside, DC 52110",Y,hours
52,Megan Bentley,804-56-6631,"10493 Coleman Estate
New Matthewmouth, CT 31506",N,miles
53,William Payne,663-55-1761,"12757 Gibbs Village Suite 693
North Christopher, NV 61282",Y,hours
54,Jamie Odom,358-87-5600,"6848 Hull Hills
Margaretmouth, SC 53601",N,miles
55,Paige Kim,764-76-1412,"4500 Thomas Ranch Apt. 841
Acostafort, ND 57943",Y,miles
56,Justin Lara,097-34-4081,"1301 Hester Extension Suite 009
Port Justinhaven, OR 96524",N,hours
57,Scott Barrett,820-77-0286,"863 Brewer Camp Apt. 056
Smithbury, KS 89776",N,hours
58,Anthony Anderson,802-53-6620,"48276 Castro Drive
North Sheribury, WI 18548",Y,hours
59,Darrell Carr,709-96-9903,"788 Caldwell Mills Suite 696
New David, PW 22242",N,miles
60,Michael Wolfe,562-72-2605,"41621 Donna Court
West Heather, NE 92306",N,miles
61,Cassandra Dyer,608-33-5228,"35458 Bryan Parkway Suite 567
Juanfort, NJ 07804",Y,miles
62,Shannon Crawford,663-95-0132,"769 Reyes Burg
Zacharybury, NY 36001",N,miles
63,Tyler West,117-02-7366,"49341 Dyer Stravenue Suite 236
New Anna, NM 82960",N,miles
64,James Robbins,708-16-3960,"593 William Row
Lake Julie, SC 87401",Y,miles
65,Yolanda Jackson,039-59-9507,"7868 Joshua Loop
Fernandezchester, IA 79061",N,miles
66,Jamie Peterson,148-72-8604,"617 Gutierrez Valley
East Adam, VT 07832",N,hours
67,Jon Morris,275-01-4115,"083 Tyler Ranch Suite 507
Georgeside, NH 31862",N,miles
68,Christine Robbins,081-08-6272,"3755 Margaret Drives Suite 723
Jeffreyborough, AZ 34706",N,hours
69,Mr. Steven Chavez,043-33-6123,"6196 May Causeway Suite 311
Adrianaburgh, MN 38952",Y,miles
70,Monica Miller,677-77-5841,"44111 Lopez Mill Suite 209
Lake Toddville, MA 03024",N,hours
71,Mrs. Angela Grant,280-29-1374,"USCGC Pierce
FPO AE 12968",Y,miles
72,Stephanie Smith,629-21-4524,"500 Marcus Hill
Jonesstad, DC 71727",N,hours
73,Jeremy Wilkinson,090-13-6264,"15674 Kelly Ranch
Laurieborough, TN 20059",N,hours
74,Elizabeth Osborn,529-28-0755,"30094 Lucas Lock
Bellton, AR 11200",N,miles
75,Shelly Taylor,570-32-3051,"195 Rose Flat Apt. 148
Perezmouth, AS 45620",N,miles
76,Jason Rivas,443-21-2750,"3365 Edward Mall
New Michaelville, ID 93073",Y,miles
77,Teresa Francis,541-34-3291,"71919 Amber Terrace Suite 932
North Lisatown, MA 25518",N,hours
78,Miss Brittany Riley,010-32-1909,"458 Michelle Corners Apt. 655
Josephview, IA 61802",Y,miles
79,Robert Delgado,098-44-3737,"32663 Stout Hollow
Kellymouth, MT 50868",Y,miles
80,John Fuller,753-52-7814,"85797 Williams Wells
New Misty, PW 83897",Y,miles
81,Andrea Thomas,417-85-5791,"8667 Lisa Terrace Suite 769
Anthonyfurt, DC 54382",N,miles
82,Michelle Johnson,221-69-5490,"63815 Taylor Highway Suite 954
South Daniel, CO 84815",Y,miles
83,Marcus Barajas,434-94-2056,"10516 Amber Circle Apt. 863
North Fred, GU 83604",Y,miles
84,Frank Ortiz,202-14-7466,"1916 Higgins Turnpike Apt. 265
Jeffshire, ME 41837",N,miles
85,Brittany Jackson,582-97-3909,"7194 Byrd Glens
Nelsonshire, MD 04880",Y,miles
86,Debra Frederick,857-52-4904,"78922 Newman Shoal
Virginiaview, MP 18028",N,hours
87,Timothy Hogan,797-89-5190,"35066 Pierce Radial
Zacharyland, AR 30488",Y,miles
88,Levi Burch,487-76-6537,"PSC 3057, Box 9023
APO AA 67705",Y,miles
89,Brenda Lawrence,892-86-1531,"2889 Gonzales Crossing
New Joannamouth, CO 70089",Y,miles
90,John Williams,101-56-0492,"0473 Davis View
Tracyton, TX 88523",N,hours
91,Jennifer Wells,045-45-0152,"0159 Katherine Forge Suite 440
West Nancy, UT 78965",N,hours
92,Amy Hardy,379-78-9706,"5044 Bradley Coves Apt. 367
Lindaborough, VI 02941",Y,hours
93,Leah Carpenter,785-18-6699,"7677 Michelle Shoals Suite 974
South Brettview, SD 75333",Y,hours
94,Sara Thomas,893-32-3240,"PSC 5482, Box 2853
APO AE 32672",Y,miles
95,Lisa Castro,404-36-8302,"92832 Grant Orchard
West Sarah, FM 25114",Y,hours
96,Randy Ramirez,126-77-2107,"73196 Oconnell Spur Apt. 614
South Daniel, CO 83030",Y,miles
97,Jason Brooks,021-58-6778,"081 Bailey Centers
New Kylefurt, CT 83789",N,miles
98,Gregory Webb,741-62-3990,"77049 Dean Wall Apt. 508
New Ronaldbury, IA 05241",N,hours
99,Steven Whitehead,019-64-3238,"4809 Travis Drive Suite 196
Mitchellberg, UT 84090",Y,miles
100,Casey Rose,025-78-0651,"05080 Sanders Corner
Andresburgh, DC 92320",N,miles
101,Brandon Reynolds,182-37-9414,"5832 Giles Harbors Apt. 896
Loriton, CA 39483",N,hours
102,Dr. Charles Koch,214-54-8817,"1897 Bryan Street Apt. 712
Bushton, HI 38582",Y,hours
103,Brandy Pham,788-09-2677,"87293 Steven Squares Apt. 438
Carolynhaven, OH 19108",N,hours
104,Brooke Gonzalez,424-25-4246,"004 Johnson Crest Suite 050
South Williammouth, AL 29490",Y,miles
105,Jennifer Mcfarland,762-28-6659,"2780 Kelly Curve
Myersport, MP 05532",Y,miles
106,Robin Booth,303-66-9074,"USCGC Phelps
FPO AP 20381",N,miles
107,Belinda Nelson,847-70-4416,"3798 Michael Center
Elizabethmouth, FM 49125",N,hours
108,Maria Conley,419-45-0394,"454 Jessica Flats Apt. 328
East Tina, SD 60417",Y,miles
109,Brandy Walker,746-51-4196,"023 Christina Rapids
East David, SC 24035",N,hours
110,Brian Rogers,669-39-0196,"70895 Fernandez Expressway
Lake Tanner, FL 67502",N,miles
111,Carolyn Kelly,558-16-2436,"594 Rose Drive Apt. 868
West Tylertown, VI 59026",Y,hours
112,Douglas Duke,049-01-9106,"Unit 5381 Box 5176
DPO AA 66209",N,hours
113,Shannon Kelly,141-45-9974,"76430 William Drive
New Susan, ME 81818",N,hours
114,Joseph Alvarez,753-14-2125,"5771 Mills Crossroad
Port Kelly, DE 08744",N,hours
115,Nicholas Morris,030-74-1926,"09024 Sharon Hill Suite 252
South Lisa, NH 79094",N,hours
116,Tina Bartlett,838-69-3667,"Unit 5183 Box 1210
DPO AE 54694",Y,hours
117,Andrew Johnson,165-23-0168,"Unit 3225 Box 4186
DPO AA 73776",N,hours
118,Catherine Tyler,094-08-5136,"719 Jordan Pass
Sandovalfort, NY 33977",Y,hours
119,Juan Leonard,570-43-5505,"980 Flores Coves Suite 042
West Danielmouth, NM 50051",Y,hours
120,Kimberly Mcdonald,867-03-9668,"000 Tara Station Suite 813
Joshuatown, MP 64650",N,miles
121,Kristine Gentry,208-77-1374,"540 Todd Roads Apt. 742
Port Aprilmouth, WI 52564",N,miles
122,Valerie Gray,632-63-9229,"205 Weber Views Suite 145
Jacksonmouth, IL 66063",Y,hours
123,Danielle Gomez,827-10-4251,"4991 Leah Knolls Suite 143
Hernandezfurt, NM 15479",Y,hours
124,Brittney Baldwin,576-27-1969,"16507 Anthony Ridges
Jaredshire, PR 29013",N,miles
125,Erin Mahoney,359-99-5360,"25139 Davenport Bridge
Lake Danielstad, MD 81274",Y,hours
126,Jennifer Williams,309-38-6309,"687 Gonzalez Forest Apt. 172
West Vincent, OR 31111",N,miles
127,Melissa Villanueva,564-94-8126,"876 Black Roads Suite 905
New Mary, IL 09886",Y,miles
128,Joshua Adams,699-54-3873,"746 Long Field
New Alan, CO 30647",N,miles
129,Lisa Hunter,839-97-6702,"4424 Mcclain Walks Suite 032
Simmonsland, ME 47257",Y,hours
130,Brenda Moore,800-75-2603,"46560 Melanie Locks Apt. 016
North Hannahfort, NH 95515",N,miles
131,Anthony Marquez,421-84-5190,"68814 Mejia Mission
East John, HI 20017",N,miles
132,Brianna Harris,293-30-7314,"767 Pham Knoll
North Lacey, IA 02315",N,miles
133,Rachel Mitchell,150-47-4008,"86598 Joseph Gardens Apt. 236
Lake Ashleyside, MI 29976",Y,hours
134,Brenda Cervantes,879-47-5721,"531 Curtis Mountain
South Jenniferstad, KY 06142",Y,hours
135,Lisa Norris,497-92-7622,"513 John Prairie
Castroburgh, PA 49426",N,hours
136,Adam Gillespie,546-06-8533,"6432 Sabrina Burgs Apt. 892
Arnoldside, CT 77242",N,hours
137,Rachel White,151-75-1301,"5566 Brooke Rapids Apt. 163
Port Rebeccahaven, AS 65807",Y,miles
138,Stephen Bradley,645-47-6237,"8716 Ashley Groves
Burnston, NM 09950",Y,miles
139,Kathleen Ochoa,034-05-4256,"Unit 7349 Box 0301
DPO AA 92145",N,hours
140,Rachel Carlson,353-57-7122,"32199 Thornton Greens Apt. 530
West Timothy, NV 16295",N,hours
141,Shawn Ramirez,446-50-0970,"207 Joseph Ports Apt. 243
Edwardfurt, ID 14526",N,miles
142,Janice Kaufman,782-99-8303,"72955 Jessica Street
Fischerstad, AK 92927",N,hours
143,John Davis,085-24-3895,"1517 Amber Squares
Lake Amberbury, OH 24921",N,hours
144,Thomas Curtis,746-77-4694,"497 Cortez Spring
Mayoview, NE 24945",Y,hours
145,Nicholas Molina,820-36-3300,"5917 Perry Meadow
Whiteheadview, MD 79999",N,miles
146,Hannah Ramirez,842-04-4377,"249 Yu Knoll
Dianeburgh, MN 12301",Y,hours
147,Amy Torres,002-42-1838,"742 Corey Plaza
Fishermouth, DE 69318",N,miles
148,Jose Harris,333-54-3410,"59427 Murphy River Suite 419
Stevensport, GU 32123",N,miles
149,Anna Brown,766-18-3520,"PSC 6388, Box 2567
APO AE 57657",N,hours
150,Lisa Martinez,257-66-9393,"42863 Victor Corner Apt. 628
North Alexanderchester, NH 00898",N,hours
151,Anthony Austin,821-59-1905,"49787 Buchanan Inlet
Port Stevenmouth, DE 57657",N,miles
152,Tina Osborn,270-66-0726,"73073 Wendy Spurs Suite 035
West Lindsey, OK 66782",N,miles
153,Melissa Barr,607-69-2440,"7404 Anderson Square
Sallystad, NJ 26484",N,miles
154,Alexander Harris,412-13-2615,"Unit 7761 Box 3386
DPO AP 78806",N,hours
155,Scott Sullivan,725-12-3085,"14890 Martin Park Apt. 119
Jonesview, CO 53281",N,hours
156,Keith Vargas,140-37-9772,"056 Alexis Gateway Apt. 016
Beckside, AR 24468",N,hours
157,Joseph Barnes,060-75-5979,"686 Gutierrez Terrace
West John, NV 02478",N,miles
158,Brenda Warren,136-76-2168,"7026 Martinez Mill Apt. 944
South Elizabeth, SC 55770",N,hours
159,Susan Stevens,486-19-4804,"7038 Jackson Hollow Suite 464
East Feliciamouth, WV 51278",Y,miles
160,Katie Chen,720-31-2809,"35813 Munoz Trafficway
New Annette, AK 03232",N,miles
161,Ashley Castillo,291-02-6351,"38565 Christine Spurs Apt. 089
Lake Kevin, GA 89468",N,miles
162,Jennifer Marshall,625-95-8110,"785 Courtney Row Suite 671
Sullivanmouth, TX 82259",N,hours
163,Jacqueline Patel,083-76-3315,"50523 Michael Villages Apt. 342
Royview, OK 29432",N,hours
164,Daniel Hamilton,816-10-1427,"5277 Steele Freeway Suite 257
Christopherhaven, NC 17758",N,miles
165,Tina Maldonado,110-72-8915,"72585 Dillon Plains Apt. 338
Rollinstown, MH 42948",N,hours
166,Judith Hoffman,822-54-1569,"376 Nicholas Greens Apt. 542
Ruizfurt, SD 49039",N,hours
167,Steve Gates,624-10-6959,"420 Figueroa Port Suite 469
Alexandermouth, MS 24932",N,miles
168,Krystal Graves DVM,494-88-5556,"76607 Michael Ranch Apt. 583
Lake Claytonshire, MN 69803",N,miles
169,Matthew Ellison Jr.,019-98-7529,"USNS Zamora
FPO AP 77551",Y,hours
170,Barry Trujillo,296-29-1909,"08691 William Ramp
East Tiffany, CO 17150",N,hours
171,Rachael Rhodes,660-56-0035,"4766 Campos Underpass
West Robert, IA 65132",Y,miles
172,Jennifer Waller,162-19-7837,"222 Newman Brook
North Ashleyfort, NH 05256",N,hours
173,Robert Lewis,418-42-0140,"71861 Moore Extension
South Katie, PA 89549",N,miles
174,Richard Norman,717-19-1000,"9919 Morgan Center Suite 995
Katieshire, IN 23244",Y,hours
175,John Murray,488-03-5444,"15701 Simpson Highway Suite 224
South Brianafort, ID 62767",N,miles
176,Christopher Vaughn,180-57-3543,"383 Chang Track Suite 162
Rogersstad, TN 41965",Y,hours
177,Amber Christensen,692-18-8559,"725 Francis Landing Apt. 728
North Mark, CO 07855",N,hours
178,Marc Lee,051-95-8152,"40443 Derek Hill
East Jodi, MT 60529",Y,miles
179,Paul Thomas,515-54-6910,"41836 Corey Fields Suite 663
New Keithmouth, MS 68459",Y,miles
180,Nathaniel Owen,052-17-2758,"9487 Joseph Stravenue
Petertown, NV 17416",Y,miles
181,Jason Wilson,174-22-4378,"11796 White Fords Suite 710
Port Rachelside, MI 17879",N,hours
182,Timothy Lara,631-29-0311,"20151 Randall Gateway
New Eric, NY 63055",N,hours
183,Mark Lambert,260-15-7642,"61435 Erin Road
Sharonside, DC 47981",Y,miles
184,Terri Combs,630-88-0469,"726 Joan Inlet
Port Christopher, MO 06660",Y,hours
185,David Morrow,721-97-3412,"860 Laura Crest
Whitneymouth, AK 78241",Y,miles
186,Dennis Wallace,086-02-4673,"9788 Hannah Points Suite 103
Breannashire, NY 40749",N,hours
187,Danielle Collins,270-94-4317,"810 Alexis Row Suite 281
Rothchester, KY 48734",N,miles
188,John Shepard,137-01-9062,"PSC 8462, Box 0492
APO AA 76738",N,hours
189,Bianca Richard,857-40-1166,"550 Wanda Route Apt. 294
Lake Patriciaport, MH 24833",Y,miles
190,Stephen Smith,736-75-8113,"308 Timothy Bypass Apt. 121
Port Amanda, OH 03298",N,hours
191,Michael Mata,727-47-3637,"Unit 2573 Box 6479
DPO AP 60346",Y,hours
192,Bethany Lopez,307-20-1983,"7232 Thompson Fords Suite 526
East Morganmouth, SD 33716",N,hours
193,Michael Ray,462-24-7264,"366 Carrie Oval Apt. 883
West Paula, MO 36570",Y,miles
194,Robert Carrillo,286-77-6267,"79654 Larry Mews
North Ryanbury, OK 13158",N,miles
195,Michael Gentry,642-32-6617,"844 Anthony Canyon Suite 968
South Joy, ID 76963",Y,miles
196,Mark Jordan,755-65-3309,"3279 Kenneth Neck
East Jeffrey, ID 93654",Y,miles
197,Mary Jones,690-18-6555,"906 Eileen Squares Suite 879
Lake Jennifer, PW 98326",N,miles
198,Victoria Harmon,796-71-6262,"970 Holly Drives
Stephensonhaven, IN 88605",N,miles
199,John Jones,583-46-8402,"95119 Cole Keys
Juliahaven, SC 45074",N,hours
200,Darren Thomas,722-43-6650,"450 Bridget Mountains Apt. 894
Fernandezchester, CT 62797",N,hours
201,Travis Macdonald,660-44-1592,"Unit 4930 Box 0520
DPO AP 87402",N,hours
202,Monica Cortez,434-63-1002,"936 Jeffery Square
West Charlotte, MH 56911",Y,hours
203,Devin Gray,319-97-9471,"073 Wood Parks
Moodyshire, MI 83512",N,hours
204,Michael Smith,044-61-2469,"82801 James Lodge
South Susan, MT 40917",N,hours
205,Jenna Moran,747-14-7689,"64942 Thomas Haven Suite 557
New Rebecca, KY 24936",N,hours
206,Marvin Castro,565-64-1143,"967 Miller Drive
Clarkstad, PA 42640",N,miles
207,David Jenkins,794-50-4608,"312 Chelsea Shoal Apt. 181
Barbarafort, KS 80584",N,miles
208,Ross Massey,635-46-6836,"PSC 2336, Box 3873
APO AP 10134",N,hours
209,Allison Hill,462-84-0280,"74067 Patel Parkway Suite 466
Davidstad, RI 13355",N,miles
210,Gina Martin,520-10-7590,"0989 Erin Branch Suite 546
Jonesburgh, MT 77705",N,miles
211,Matthew Casey,776-26-9046,"9312 Blackwell Hollow Apt. 224
Edwardton, WY 26216",Y,miles
212,Michele Griffin DVM,239-50-2426,"9616 Perez Keys
Hoffmanmouth, UT 92800",N,hours
213,Mark Arnold,736-53-2743,"281 Adrian Underpass Suite 886
Millertown, CO 33052",N,miles
214,Amber Schneider,262-16-5035,"649 Melissa Trafficway
Charlesshire, AZ 86679",Y,miles
215,Stephen Anderson,164-04-2407,"32041 Ashley Viaduct Apt. 169
Blakemouth, KS 32622",N,hours
216,Terry Howard,080-20-6597,"9912 John Ports Apt. 294
Fischerland, ME 39587",N,miles
217,Mary Murray,200-68-0712,"PSC 7463, Box 0717
APO AP 72661",N,miles
218,Sarah Barker,066-45-5466,"4716 Bennett Drives
East Gregory, NJ 71130",N,hours
219,Christopher Olson,532-30-2943,"7131 John Fords Suite 108
Perryton, AL 04384",N,miles
220,Courtney Schmitt,386-24-8250,"45528 Luke Point Apt. 458
Rachelmouth, GA 58239",N,hours
221,Maria Lutz,222-26-3423,"34504 Morgan Greens Apt. 761
Watsonburgh, PR 54167",N,miles
222,Nicole Smith,180-09-9786,"4845 Moore Shoals
Barretttown, IA 39850",Y,miles
223,Heather Russell,147-12-7970,"405 Davis Valley
Stevenchester, AL 99018",Y,miles
224,Nathan Jones,043-92-0737,"0515 Ward Parks Apt. 587
Anthonyburgh, GA 19906",Y,miles
225,Daniel Butler,533-20-8933,"769 John Inlet Apt. 190
North Antoniotown, LA 28325",N,hours
226,Monique Bradley,557-05-3678,"9866 Blair Glen
Gonzalezborough, DC 26385",N,miles
227,Anna Reynolds,528-78-0877,"84188 Austin Skyway
South Anthonymouth, NM 83470",N,miles
228,Sara Villarreal,010-47-5966,"4780 Gregory Vista
West Dariusview, NC 97311",Y,hours
229,Kim Daniels,392-52-3176,"4974 Schmidt Oval
South Selenaburgh, MD 81287",Y,hours
230,Jeffrey Francis,793-10-2557,"447 Bradley Spur Apt. 294
Boydtown, ID 05930",Y,hours
231,Mary Olson,582-21-7906,"54977 Lewis Points Apt. 103
Lake Charleston, IA 42529",Y,miles
232,Edward Frederick,765-30-2052,"1246 Cox Summit
East Melissa, NJ 98579",N,hours
233,Steven Castillo,104-41-7503,"USNS Taylor
FPO AP 12329",N,hours
234,Kim Vance,472-72-4545,"056 Sanford Brooks
South Edward, MA 45082",N,miles
235,Randall Phillips,302-21-9511,"34632 Hall Island Apt. 300
Murphyview, CO 82384",N,hours
236,Susan Francis,662-18-0141,"318 Larson Mill Apt. 908
Joefort, NJ 33931",Y,miles
237,Monica Buck,036-31-6577,"421 Gibson Walks Suite 113
North Jonathanshire, ME 38887",Y,hours
238,Kara Miller,105-13-1408,"6936 Meagan Well Apt. 499
North Mauricebury, MH 30609",Y,hours
239,Veronica Bryant,870-21-2470,"140 Amy Avenue
New Omarburgh, ME 09869",N,miles
240,Sarah Joseph,631-71-5093,"Unit 5813 Box 0847
DPO AE 67774",Y,hours
241,Andrea Nelson,255-46-5079,"12314 Sanders Rest
West Andrew, FL 13793",N,miles
242,Roy Rose,418-89-9034,"8090 Jessica Valleys
Mckinneybury, TX 87760",N,miles
243,Emma Schmidt,254-56-9319,"3120 Winters Alley Apt. 121
Wheelershire, PW 89462",N,hours
244,Nicole Hanson,139-10-4765,"6933 Alvarez Club
West Dylanhaven, AL 96712",N,miles
245,Amy Swanson,819-23-5434,"91325 Baker Mission Suite 067
Lake Samantha, WI 93667",N,hours
246,Michael Long,117-90-9811,"Unit 7827 Box 8891
DPO AP 70399",N,miles
247,Carolyn Wilson,764-52-0174,"42642 Julie Turnpike
Walterstad, UT 09268",N,hours
248,Sara Brown,241-33-8983,"087 Emily Island Apt. 751
Stephenbury, UT 31478",Y,hours
249,Robert Murray,440-80-3266,"26671 Janice Junction Suite 742
Lake Adam, NM 36264",N,miles
250,Sergio Meza,146-03-7387,"66740 Clark Knoll
Paulshire, ME 61510",Y,miles
251,Holly Davis,562-28-5642,"5404 Sanchez Forest
West Richardtown, NH 94108",Y,miles
252,Michael Mason,753-22-6754,"33256 Willis Spurs
Brandontown, AK 39816",Y,miles
253,Jenna Briggs,412-31-9720,"44725 Jessica Way Apt. 985
New Joshua, CO 20783",N,hours
254,Amber Miller,274-57-4057,"184 Duke Island Suite 848
Kleinfort, HI 14253",Y,hours
255,Peter Stewart,355-43-7561,"647 Hurst Courts
East Kristen, ID 79711",N,miles
256,Karen Neal,864-11-4372,"5427 Stephanie Views
North Ronald, WI 07159",N,miles
257,Steven Patton,448-76-3340,"19923 Jonathan Route
Butlershire, MA 45286",Y,miles
258,Lauren Benjamin,683-06-5322,"5807 Holly Lane
South Kevin, DE 66839",N,miles
259,Julia Lane,824-24-0834,"Unit 1679 Box 9173
DPO AE 54774",N,hours
260,Candice Smith,511-47-4292,"USNV Wright
FPO AP 34101",N,hours
261,Sara Allison,756-87-3198,"023 Roberts Stream Suite 529
Shawnhaven, OK 87089",Y,hours
262,Alan Bryant,324-61-2164,"83744 Stacey Parks
Lake Donald, VA 19206",N,hours
263,Nicole Murillo,467-38-7575,"28394 Levi Mission
Lake Rachel, AL 67384",N,hours
264,Margaret Wells,523-25-5722,"3344 Gallagher Land
Port Christinaview, IL 13913",Y,hours
265,Randall Le,262-14-5537,"776 Dwayne Mission Suite 555
Nicholasfort, MN 72217",N,miles
266,John Decker MD,758-95-7457,"321 Miller Plaza
Fowlertown, NH 44292",Y,hours
267,Karen Morales,758-18-8668,"11220 Philip Flat Suite 773
East Baileyhaven, VI 54085",Y,hours
268,Justin Johnson,176-82-4887,"5776 Gillespie Inlet
South Duane, PR 82208",N,hours
269,Jeffery Evans,782-01-4835,"9464 Romero Route Suite 835
West Erin, CT 14947",N,miles
270,Samuel Hardin,378-47-3038,"2559 Stephen Lock Apt. 071
New Sarahfurt, MN 83645",N,hours
271,Paula Graham,734-10-6573,"3102 Reilly Mission Apt. 853
Smithstad, NM 88093",N,hours
272,Jorge Grant,030-05-4057,"USCGC Arnold
FPO AP 53816",N,hours
273,Jennifer Deleon,556-83-8316,"1026 Billy Creek Apt. 629
Coxland, HI 63642",N,miles
274,Charles Stewart,517-91-7892,"052 Patrick Flat Suite 130
Samanthahaven, PA 38664",N,hours
275,Susan Larson,150-34-8771,"8636 Randy Cape
Sheilastad, KY 84699",Y,miles
276,Stacy Figueroa,034-18-7401,"0535 Wilkinson Lodge Suite 671
West Daniel, DC 65976",N,miles
277,Patricia Cox,452-97-7961,"21646 Jonathan Hollow
Williamston, OK 74834",Y,hours
278,Sydney Simpson,562-39-0036,"86124 Horton Forges Suite 297
West Daniel, VT 86352",Y,hours
279,Kenneth Walsh,097-99-2108,"PSC 1422, Box 1899
APO AE 27512",Y,miles
280,Jennifer Snyder,487-11-0394,"28514 Allen Bridge Suite 258
New Joe, WI 17727",N,hours
281,Elizabeth Holmes,825-98-0066,"88131 Lozano Path
Lake Kathryn, WI 20199",N,miles
282,Brandon Fisher,233-88-2781,"778 Courtney Cliff Apt. 020
West Michael, TN 59394",Y,hours
283,Victoria Miller,646-94-3851,"121 Thomas Shore Suite 109
South Markchester, AR 07047",Y,miles
284,Amber Hoffman,522-93-1094,"302 Lopez Corner Apt. 684
Liuchester, HI 36051",Y,miles
285,Nathaniel Wallace,203-01-3543,"9913 Waller Points Apt. 030
Gonzalezport, NV 15549",N,hours
286,Andrew Stephens,130-46-2992,"76222 Amanda Prairie Suite 134
Lake Natalietown, CT 90989",N,hours
287,Jean Escobar,448-35-0717,"114 Pacheco Turnpike
North April, MA 68904",N,hours
288,Christopher Neal,014-32-5093,"755 Barry Center
Keithburgh, SD 36874",Y,miles
289,George Hudson,889-82-4771,"7093 William Square Suite 197
New Wesleyfort, MH 66674",Y,miles
290,Dustin Sanchez,427-44-4840,"10281 Santiago Valleys
Rhodesland, ND 47975",Y,miles
291,Stacey Bell,221-26-8175,"30648 Yvonne Club
Hillbury, CT 87757",N,miles
292,Anthony Pruitt,565-82-0202,"0323 Kristy Route Apt. 209
Russellville, TX 08963",N,miles
293,Christopher Howell,241-88-9331,"741 Williams Junction Suite 267
North Antonioshire, MH 57871",N,miles
294,Taylor Barber,804-48-8320,"395 Miller Ford Apt. 509
East Eric, MP 60939",N,miles
295,Joshua Duncan,599-36-7851,"154 Bailey Mountain
Nathanmouth, FM 49864",Y,miles
296,Christopher Walters,485-86-8574,"49326 Huff Ferry
Kaylahaven, CT 43371",Y,miles
297,Sharon Huang,769-49-7587,"153 Christopher Spring
West Paulaport, WY 92588",Y,miles
298,Teresa Arellano,456-21-8059,"1113 Green View Suite 455
Danielmouth, NY 01525",Y,hours
299,Brittany Rios,599-49-4191,"512 Leslie Spring
Krausechester, PR 05909",Y,miles
300,James Schneider,490-47-0443,"677 Judy Drive
Myersmouth, HI 58487",N,miles
301,Cynthia Anderson,057-61-1809,"2435 Christopher Locks
Craigbury, MT 67830",N,miles
302,Lisa Jimenez,335-93-9720,"0629 Craig Squares
Rodriguezville, PW 62942",N,hours
303,Jake Daniel,550-50-1183,"013 Cooper Centers Apt. 435
Rodriguezhaven, ME 55200",Y,miles
304,Jessica Flores,628-59-6966,"92064 Heather Union
East Harrybury, OR 19218",N,hours
305,Brandy Madden,070-94-7843,"94897 Bryant Dam Suite 421
Luisville, KY 20891",N,miles
306,Leslie Clark,621-85-7602,"398 Allen Mountain Suite 481
Jerrymouth, CO 59985",Y,hours
307,Thomas Krueger,158-27-5811,"81295 Richard Ridge Apt. 563
Tiffanyside, AK 90544",Y,miles
308,Debra Oneill,128-44-3671,"PSC 3889, Box 3353
APO AE 34616",Y,hours
309,Marco Ruiz,004-84-1894,"5826 Antonio Crossroad
Lyonsburgh, IN 17632",N,hours
310,Joseph Hall,334-26-0785,"8559 Rebecca Centers
Laurabury, MP 59409",Y,hours
311,John Levine,424-79-5563,"3998 Thomas Brook
New Kyle, CO 48810",N,miles
312,Sarah Kramer,326-27-1017,"20257 Stephanie Spur
Hudsonhaven, CA 40202",Y,hours
313,Andrew Lynch,356-29-7589,"849 Bishop Lake
Mcculloughchester, ME 79334",Y,miles
314,Amy Jones,601-54-7981,"33889 Moore Cliffs
Barbarahaven, VI 84295",N,miles
315,Joseph Mitchell,075-31-7974,"338 Lauren Ferry Apt. 210
South Julie, NC 51648",N,hours
316,Richard Khan,780-89-4002,"0076 Matthew Via Suite 457
Richardsville, WV 19937",N,miles
317,Ruben Bowers,746-80-3249,"PSC 7662, Box 5522
APO AE 61063",Y,miles
318,Danielle Garcia,436-13-7027,"4496 Smith Divide
Smithport, CA 12065",Y,miles
319,William Baker,153-15-9217,"60573 Kimberly Extension
South Ashley, MP 93643",N,hours
320,Richard Carr,657-55-2605,"USNV Mejia
FPO AA 75016",N,hours
321,Robin Bryant,696-85-2978,"6715 Phillip Light
West Catherinetown, NJ 48280",Y,miles
322,Lisa Good,482-20-7277,"0009 Christopher Stravenue
South John, NV 58695",Y,hours
323,Sara Wilson,856-57-5029,"074 Elizabeth Streets Apt. 047
North Anna, MS 79382",N,hours
324,Louis Smith,759-85-3428,"299 Evan Springs Suite 627
North Triciaport, VA 05014",Y,hours
325,Lauren Brown,885-07-9925,"9502 Ashley Mountains Suite 420
West Richardshire, CT 07050",Y,miles
326,Michelle Dennis,263-84-9192,"84625 Amanda Plains
North Anthonyshire, MT 40170",Y,hours
327,Dr. Steve Flynn,626-63-4733,"4357 Ferrell Cliffs
New Theresa, PW 13722",N,hours
328,Richard Schneider,668-23-0709,"812 Eric Expressway Apt. 093
New Hannah, RI 63427",N,miles
329,Adam Cooke,351-56-4426,"9205 Ibarra Ridge
Lake Kevin, IA 64879",N,hours
330,Travis Buckley,026-51-6368,"3836 Woods Bridge Suite 698
Fullerport, NH 11692",N,hours
331,Christine Hall,246-75-4980,"03736 Jones Wells
South Carrie, MO 45456",N,hours
332,Kelly Mejia,166-31-1778,"5331 Day Viaduct Suite 738
Port Jacob, ME 00842",Y,miles
333,Lindsey Johnston,725-70-2751,"36180 Hanna Creek Suite 247
Veronicaburgh, PR 80170",Y,miles
334,Stephanie Schneider,230-64-3400,"784 Jason Extensions
Tracystad, CO 33585",Y,miles
335,Jennifer Li,712-14-1822,"490 Robin Trace Suite 453
Christianmouth, IN 97732",N,hours
336,Jonathan Hill,681-56-7783,"69338 Julie Ports Apt. 169
Thomasland, TX 96415",Y,miles
337,Julie Torres,164-86-1243,"888 Crystal Creek
South Richard, PA 39668",N,miles
338,Timothy Martin,479-49-6747,"2911 Alexandra Mall Apt. 569
Josephchester, PA 56650",Y,miles
339,Megan Wheeler,312-04-8763,"26207 Matthew Ferry Apt. 382
East Brandonton, NE 96052",Y,miles
340,Elizabeth Hobbs,294-64-1302,"526 Peters Way Suite 348
South Robert, WV 23656",N,miles
341,Katherine Schultz,604-02-2428,"2861 Sophia Oval Apt. 189
Cruzmouth, KS 74835",N,miles
342,Christopher Mullins,113-71-4561,"8471 Tate Village
North Elizabethhaven, IL 87456",N,miles
343,Philip Stevens,330-67-3102,"Unit 1527 Box 7408
DPO AE 01131",N,miles
344,Jake Rosario,600-35-5679,"Unit 9488 Box 6899
DPO AA 15986",Y,miles
345,Tammy Dixon,893-42-2273,"421 Meadows Inlet
East Barbaramouth, WI 00964",N,miles
346,John Garza,682-21-4678,"9177 Joseph Point Suite 130
Burtonhaven, DE 36845",N,miles
347,Brandi Allen,107-94-6286,"7865 Teresa Vista
Carriefurt, NJ 99709",N,hours
348,Jacob Ward,474-22-5405,"845 Thompson Camp
Lake Karenport, NC 48889",N,hours
349,Kevin Herrera,855-46-0870,"606 Leslie Causeway
Hendersonview, WA 08052",Y,miles
350,Charlotte Lewis,384-81-6928,"51596 Margaret Meadows
Lisaborough, NJ 53706",N,miles
351,Brandon Parker,734-24-0107,"9710 Jamie Stream Suite 737
Wardfurt, MA 14903",Y,hours
352,Jimmy Wilson,249-40-6115,"3057 Matthew Valleys
Melissamouth, SD 07392",N,hours
353,Kelly Torres,170-10-8003,"49296 Carlson Ports Apt. 163
Anthonymouth, NC 66037",N,miles
354,Sean Elliott,078-56-6571,"5128 Daniel Valley
New Robynburgh, DC 05417",N,miles
355,Mrs. Julia Brown MD,841-14-5102,"3956 Villanueva Trafficway Suite 858
Georgeton, KY 83802",N,miles
356,Jay Zuniga,489-87-1816,"PSC 6961, Box 1826
APO AP 20815",Y,hours
357,Rhonda Gilbert,271-03-9882,"0321 Tate Dam
Haroldmouth, CO 01038",Y,hours
358,Rhonda Sanchez,125-91-4840,"9413 Arnold Highway
Armstrongberg, ID 85827",N,hours
359,Benjamin Vargas,764-78-8558,"USNV James
FPO AE 46059",Y,miles
360,Amanda Griffin,151-90-5495,"8419 White Fields
Jacobshaven, DC 39300",Y,miles
361,Bradley Odom,237-50-7038,"72540 Kenneth Landing Apt. 243
Lake Randallmouth, VI 61141",Y,hours
362,Susan Thompson,019-63-6657,"292 Timothy Estate
Port Haley, MS 07294",N,hours
363,Amanda Jones,511-55-2887,"PSC 8943, Box 9368
APO AE 01886",N,miles
364,Terri Caldwell,041-21-5312,"8142 Andrew Isle Apt. 049
Donside, KY 67908",Y,miles
365,Nancy Knight,179-37-5758,"97201 Ruth Groves Apt. 670
Angelaport, GU 08412",Y,miles
366,Linda Moore,878-48-7754,"3687 Copeland Pines
Port Jameston, SD 51333",N,hours
367,Mark Williams,218-15-5559,"1621 Kristi Drive Apt. 378
Port Amytown, TX 18993",N,hours
368,Sara Zimmerman,589-29-9847,"3129 Brittany Meadow Suite 236
Brianville, NM 83583",Y,hours
369,Dylan Davis,734-82-7563,"676 Brandy Spur
Lake Kimberly, PA 97376",Y,hours
370,Robert Flores,042-43-9244,"30235 Chambers Stream Apt. 858
Janetmouth, AR 23180",Y,hours
371,Jessica Harris,173-63-6810,"72128 Martinez Vista Apt. 840
Lake Frank, UT 32659",N,miles
372,Anne Moss,158-13-8175,"160 Kevin Mills
West Deborahbury, WY 89602",Y,hours
373,Jack Perez,662-66-5625,"653 Davidson Summit
West Jasonton, PR 06553",Y,hours
374,Johnny Lopez,514-18-6593,"9919 Michael Pike
Lake Johnville, OR 88235",Y,miles
375,Theodore Smith,145-93-7919,"USNS Miller
FPO AE 59960",N,miles
376,James Perry,126-82-7377,"Unit 9549 Box 9838
DPO AE 95074",N,hours
377,Sarah Davis,810-27-2637,"382 Rodriguez Lodge Suite 147
Josephmouth, CO 93926",N,miles
378,Hannah Johnson,629-81-2142,"679 Figueroa Rue
Yoderbury, HI 43487",N,hours
379,Christopher Alexander,632-73-0195,"46185 Jose Cliff Suite 417
Hartshire, NH 47786",Y,hours
380,Gregory Bright,598-71-4702,"65058 Alyssa Ville
Weberside, NH 15760",N,hours
381,Matthew Howell,353-51-7850,"9957 Baker Spurs Suite 010
Meganview, FL 34239",N,miles
382,Mark Griffin,726-46-9525,"019 Sandra Road Apt. 027
Rachelport, WA 70788",Y,hours
383,Laura Henry,474-18-7525,"51887 Melissa Way
South Amyborough, IA 04068",N,miles
384,Derrick Avila,740-61-8791,"46428 Burnett Tunnel Apt. 687
South Kimberlyville, FM 77835",Y,miles
385,Andrew Sanchez,831-81-8711,"94268 Rivera Spurs
South Anna, NM 32274",Y,hours
386,Cynthia Ramirez,733-94-9371,"95728 Ewing Tunnel Apt. 590
Robertberg, MH 46572",Y,hours
387,Cynthia Martinez,113-87-4559,"78430 Ruben Locks Suite 578
Hillshire, WY 75871",Y,hours
388,Russell Jordan,695-05-5908,"303 Smith Street
East Jessicamouth, PW 90206",Y,hours
389,Wendy Bond,516-30-0637,"803 Robert Valley
Martinezchester, NC 93641",N,miles
390,Stacy Johnson,537-94-8957,"43061 Connor Hills
Tylerville, VI 36908",Y,miles
391,Alexander Hines,445-81-2787,"50495 Silva Isle
Shannonberg, NY 11352",Y,miles
392,Emily Howard,774-05-0435,"015 Hernandez Union
Tiffanymouth, KS 89212",N,miles
393,Lauren Horton,411-18-5883,"7232 Stone Lakes Apt. 109
East Linda, ME 87493",Y,hours
394,Hayden Murphy MD,704-06-4142,"9580 Carla Grove
Barrettberg, CT 52045",Y,hours
395,Dustin Smith,214-37-0040,"428 Kathryn Ways Suite 453
Georgeton, KS 79954",Y,miles
396,Daniel Casey,847-39-2309,"Unit 2668 Box 9313
DPO AP 39413",N,hours
397,Juan Arellano,057-75-0681,"PSC 0323, Box 6004
APO AE 41184",Y,miles
398,Melinda Hopkins,788-01-2309,"PSC 7822, Box 0020
APO AA 30292",N,hours
399,John Powell,665-69-2231,"8039 Jane Common
North Heather, WA 22214",Y,miles
400,Lisa Mendoza,603-81-8414,"17272 Mendoza Lake
Pittsstad, VI 03682",Y,miles
401,Nicholas Merritt,370-14-6540,"59651 Megan Plains Suite 160
Aguilartown, AL 15570",Y,miles
402,Mary Howell,643-65-9562,"8765 Jordan Mews
North Annaborough, ME 39550",Y,miles
403,Christopher Jackson,157-57-6154,"15514 Rangel Fall
Dyerport, SC 15931",Y,hours
404,Melissa Morrow,025-63-1922,"4328 Duffy Roads Apt. 298
Lake Kathyberg, AZ 55071",N,miles
405,Jaime Ramirez,065-53-1381,"8084 Young Courts Suite 782
North Paulaview, DE 57941",N,miles
406,Cynthia Campos,468-90-7822,"82185 Timothy Flats
Stricklandtown, DE 43736",N,hours
407,Michelle Adams,015-08-8338,"275 Wesley Shoals Apt. 353
North Lisa, NM 21853",Y,miles
408,Dr. Vanessa Austin,210-15-4624,"088 Bonnie Alley Suite 814
East Sophiafurt, FL 18892",Y,hours
409,Debra Campbell,270-66-3935,"209 Clay Harbors Suite 749
Weberfort, MO 03500",Y,miles
410,Jennifer Walters,710-14-7834,"2526 Collins Lock
Lake Jenna, PA 43062",N,miles
411,Tracy Hansen,224-66-1882,"Unit 6991 Box 7958
DPO AP 37804",N,miles
412,Laura Reese,031-01-6974,"USS Wang
FPO AA 36351",N,hours
413,Ms. Kelly Sanchez,613-75-8963,"221 Nancy Common
Maryborough, ND 95727",N,miles
414,Nancy Watson,198-71-4845,"3138 Dylan Crest Apt. 495
Rachelland, ME 42132",N,miles
415,Vincent Campbell,151-99-8607,"25447 Sandra Mission
New Theodore, MS 21970",Y,miles
416,April Williams,554-58-0863,"62872 Jennings Haven
North Lauramouth, SC 65318",N,miles
417,Mr. Jonathon Anderson,300-58-1812,"4242 Gonzalez Lock Suite 452
East Angelamouth, CA 23718",Y,miles
418,Bill Moran,773-51-2272,"029 Lauren Drive
South Travis, OR 74474",N,miles
419,Ian Wells,467-62-5696,"8768 Timothy Loop
Lake Joseph, MD 15406",Y,miles
420,Christopher Wright,676-98-3079,"0190 Kelly Rue
Mcdonaldberg, CT 11941",N,hours
421,Jackie Kent MD,306-94-4343,"69601 Benitez Tunnel
Lake William, AR 32014",Y,hours
422,Krista Carrillo,319-49-2945,"40238 Martin Lane
Jarvisfurt, OH 30300",Y,hours
423,Andrew Hardy,446-79-5628,"4453 Walker Drive
Morganshire, ME 84250",N,miles
424,William Lucero,001-42-2080,"85173 Nunez Isle
Lewishaven, AS 77975",N,miles
425,Tracey Morris,239-95-7948,"PSC 0404, Box 7312
APO AA 42038",N,hours
426,Olivia Ho,553-46-6316,"6024 Cantu Camp
Rogersland, ND 02886",Y,hours
427,Jasmine Brown,763-15-5378,"6295 Lopez Plaza
North Michaelfort, DC 40305",Y,miles
428,Patricia Jones,210-57-9596,"74281 Johnson Union
Lake Gregory, MD 92364",N,hours
429,Nathaniel Ross,521-23-6311,"80046 Denise Walks
Rileyside, MO 01964",Y,miles
430,Andrew Horton,813-47-3700,"7082 Berg Lake Apt. 742
East Andrewstad, WA 56207",N,miles
431,Jennifer Barker,672-53-6619,"3140 Theodore Corners Suite 496
Henryville, GA 79314",Y,hours
432,Sharon Smith,673-25-1181,"112 Fernandez Station Suite 347
Lake Rachel, AR 35535",Y,hours
433,Doris Chavez,767-28-3986,"9723 Anne Trail
Bradleychester, FL 28432",Y,miles
434,Joseph Walker,123-11-9225,"64981 Mahoney Mission
Hernandezport, PR 13334",Y,miles
435,Frances Garcia,708-31-3037,"USNS Bailey
FPO AA 58550",N,miles
436,Ryan Randolph,242-93-7224,"45263 Sandra Burg
Cherrymouth, RI 57573",Y,hours
437,Alexis Bennett MD,330-51-2707,"Unit 6316 Box 6415
DPO AA 51180",N,hours
438,Jessica Mathews,565-61-7409,"47154 Vincent Spur Suite 012
Tonyaport, MN 14343",Y,miles
439,Matthew Adams,603-88-0473,"293 Melissa Cove Suite 411
Danielton, NC 67957",N,hours
440,Spencer Arroyo,496-77-9022,"3568 John Junction Apt. 680
Silvaville, SD 52311",Y,hours
441,April Manning,230-32-2652,"378 Stuart Lock
Cunninghamchester, MI 60056",N,hours
442,Jennifer Garcia,568-87-0596,"03579 Fisher Coves
East Sarahborough, WA 27869",Y,hours
443,Jessica Coleman,175-26-4574,"32906 Glover Common Apt. 202
North Joshua, NM 78218",Y,hours
444,Tony Phillips,891-36-9282,"39063 Heather Trail
Marktown, VI 48102",N,miles
445,Jason Jones,718-74-6295,"127 Tina Branch
Stacyland, WA 61567",Y,hours
446,Stephanie Fletcher,134-40-5677,"2269 Pitts Plains Apt. 356
East Johnshire, AS 48323",N,miles
447,Benjamin Prince,495-29-5384,"12815 Todd Estate
Flemingburgh, CO 47208",N,hours
448,Norman Thompson,820-99-6625,"553 Jessica Coves
East Joshuamouth, LA 44223",Y,hours
449,Claudia Ramsey,617-86-3415,"7660 James Circles
Roberthaven, ME 58088",N,hours
450,Katherine Reynolds,718-51-9441,"5301 Joyce Creek Suite 126
New Natalie, ND 95050",N,miles
451,William Walker,568-73-2727,"40349 Smith Corner
Stephenville, NJ 34801",N,hours
452,Nathaniel Edwards,433-29-5203,"5420 Short Freeway
Melendezberg, GU 80958",Y,hours
453,Richard Mccullough,374-48-8365,"81809 Jimmy Highway
West Benjamin, VI 09714",Y,miles
454,Maria Wong,129-04-0997,"93082 Lucas Summit Apt. 025
Smithhaven, HI 41594",N,miles
455,Nicholas Davis,515-99-4529,"Unit 5087 Box 4050
DPO AP 61378",N,hours
456,Maureen Baker,793-27-2184,"99092 Patricia Islands Suite 300
Evelynport, DC 52125",N,hours
457,Albert Matthews,178-93-7714,"Unit 2117 Box 2023
DPO AP 84672",Y,miles
458,Cheryl Griffin,562-69-0798,"92364 Mcclain Curve
Strongbury, CO 96322",N,hours
459,Steven Wade,648-46-8379,"PSC 2259, Box 7010
APO AE 30353",N,miles
460,Kenneth Alvarez,035-24-9735,"5131 Jeffrey Neck
Gonzaleztown, NJ 67748",Y,miles
461,Belinda Yates,602-82-0051,"PSC 0945, Box 7785
APO AP 75183",N,miles
462,Janice Arellano,099-68-0559,"9332 Amanda Views
Shanechester, AS 47375",Y,miles
463,Megan Mcfarland,465-53-2667,"3321 Amanda Stream Suite 742
Matthewtown, NE 01183",N,miles
464,Brian Garcia,857-47-7506,"74856 Johnny Expressway
Rodriguezport, WV 07038",Y,miles
465,Alan Peters,186-84-7369,"4833 Justin Heights
New Lisahaven, MO 62954",N,hours
466,Olivia Greer,846-23-8580,"993 Melendez Station Apt. 901
Courtneyville, AZ 30011",Y,miles
467,Frederick Knapp,156-23-8595,"7617 Davis Point Suite 108
Lake Melissa, LA 85791",Y,hours
468,Courtney Best,033-85-0569,"2007 Chen Flats Suite 489
Phillipsmouth, NE 96537",Y,miles
469,Lee Campbell,115-47-1493,"261 Cole Radial Apt. 730
Tylerhaven, NC 18522",Y,miles
470,Marco Figueroa,165-84-0005,"1737 Cohen Dam
North John, FM 65158",N,miles
471,Henry Mccoy,343-75-8055,"571 Matthew Hollow
Nicholasstad, MT 41116",Y,miles
472,John Hebert,062-08-9647,"27100 Sarah Lights
Katherineton, PA 50408",N,hours
473,Robert Hall DVM,502-49-9392,"84230 Michael Plains Suite 759
South Lori, NE 35131",N,hours
474,Lee Fields,827-82-6490,"7616 Turner Ports
Ginastad, OK 23925",Y,miles
475,Robert Reed,352-73-4876,"0787 Kevin Common Apt. 676
Joemouth, AS 68954",Y,hours
476,Lisa Serrano,554-16-3506,"928 Michael Street
Dickersonburgh, NV 78406",N,miles
477,Michael Ortiz,726-35-5258,"4338 Fowler Heights
Victorstad, VI 38563",Y,miles
478,Amanda Wilcox,331-80-5405,"7834 Williams Springs
South Anthonyview, GU 72922",N,hours
479,Jeffrey Miles,257-54-4182,"8438 Montgomery Lights Suite 623
New Natalietown, PA 82173",Y,hours
480,Maria Rogers,057-83-3056,"8161 Mccarthy Springs
Morenoside, PA 79326",Y,hours
481,Cynthia Williams,464-34-0287,"99380 Wilson Throughway Apt. 228
New Sydney, WA 22971",N,miles
482,Thomas Meyer,513-24-1981,"161 Young Locks
Elizabethstad, KS 79003",Y,miles
483,Hannah Hernandez,314-67-5388,"4840 James Burgs
Lake Maureenstad, VI 04575",N,miles
484,Laura Jackson,663-34-4411,"957 Michael Parks Apt. 381
Lake Brian, MH 51045",N,miles
485,Valerie Torres,774-04-1803,"42669 Melissa Spring
Angelafort, IL 67798",Y,miles
486,Jamie Franklin,569-15-9330,"2236 Randy Crossing
West Angelport, UT 72714",N,miles
487,Evan Brown,834-98-3354,"3500 Mahoney Estates Apt. 140
North Kathy, UT 72684",Y,hours
488,Joseph Willis,190-16-2712,"44865 Miranda Mountains Apt. 258
New Christopherborough, HI 96560",Y,miles
489,Cynthia Parrish,873-74-8986,"197 Singleton Court Suite 865
Jonathontown, NJ 19498",Y,miles
490,Natalie Jones,575-20-3825,"773 Tanner Ranch
Ashleybury, ND 47307",N,miles
491,James Chan,727-98-4622,"00928 Serrano Prairie Suite 568
Richardton, MD 28644",Y,miles
492,Brian Baker,415-92-3518,"28426 Sexton Vista Apt. 503
Marshfurt, CA 83593",Y,hours
493,Deborah Martinez,057-22-1181,"264 Jennifer Rue
Matthewbury, NM 53090",Y,hours
494,Christie Griffith,115-41-1264,"PSC 0357, Box 2742
APO AA 26898",N,miles
495,Gina Martin,112-20-3745,"7163 Moore Curve
Port Travis, WA 30160",N,hours
496,Kelly Gardner,342-06-2078,"96131 Dunn Avenue
Port Bianca, WI 47485",Y,miles
497,Kimberly Hays,773-22-8552,"Unit 8363 Box 6419
DPO AP 76394",N,miles
498,Sally Dorsey,703-05-3869,"9393 Danny Mill
Kathleenhaven, MT 20038",Y,miles
499,Stephanie Mills,743-24-3139,"5739 Mcneil Skyway Apt. 364
West Elizabeth, ID 51456",Y,hours
500,Alyssa Matthews,873-65-0210,"5921 Valdez Harbor
Lake Jenniferberg, WY 28915",N,miles
501,Shelby Grant,847-31-7040,"11582 Michelle Trafficway Apt. 287
New Michaelberg, PA 06998",N,hours
502,Mr. Christopher Tate Jr.,266-75-5851,"47370 Kyle Common Apt. 922
Stephensbury, IN 79608",Y,hours
503,Cameron Diaz,385-61-4259,"171 Fisher Stravenue Apt. 923
Carolberg, GU 63662",N,miles
504,Nicholas King,752-27-5720,"07487 Smith Mills
Harrisside, NY 26981",N,hours
505,Robert Bernard,828-92-0730,"59864 Eric Highway Apt. 731
North John, MS 11065",N,hours
506,Calvin Levine,671-94-7790,"136 Conrad Street
Jacksonton, TN 24624",N,hours
507,Miss Michelle Lucas,482-40-7509,"3761 Thomas Estate Suite 765
South Ashley, NH 12560",N,miles
508,Sarah Lopez,391-12-4383,"USCGC Green
FPO AE 51522",N,miles
509,Michael Stewart,462-64-3329,"104 Nicole Tunnel
South Sherryshire, GU 80429",Y,miles
510,Lori Butler,440-78-0328,"28090 Jessica Islands Apt. 988
Phillipsborough, AK 07221",Y,miles
511,Stacy George,119-33-9920,"98346 Mike Divide
North John, CT 45693",Y,miles
512,Timothy Martin,027-04-3695,"9940 Morris Flats
Jessicachester, OH 43583",N,miles
513,Andrea Hernandez,393-24-3547,"315 Leslie Station Suite 366
North Bruce, FM 64559",N,hours
514,James Harrison,229-58-2045,"708 Hoffman Green Suite 864
East Hollyton, NJ 06562",Y,miles
515,Paul Daniels,747-23-0728,"2197 Montes Neck Apt. 654
Katherineberg, PW 19954",Y,hours
516,Angela Ortiz,322-24-3541,"8726 Ryan Cape Apt. 476
East Moniquemouth, PW 05435",Y,hours
517,Matthew Weeks,081-47-3752,"43894 Dawn Mission Suite 140
South Patrick, TN 74219",N,miles
518,Stacy Hardy,164-65-8592,"74587 Susan Spring Suite 918
South Christineside, MS 63134",Y,hours
519,Kim Wagner,847-03-3023,"3958 Lewis Green Suite 027
New Daniel, WY 84155",N,hours
520,Steven Gordon,578-77-9928,"USCGC Moore
FPO AP 49508",Y,hours
521,Erica Campbell,416-84-7871,"1343 Bailey Port
Johnsonborough, NM 66105",N,miles
522,Cheryl Valdez,692-90-6427,"08411 Yvette Knoll
Bellfort, TN 04676",N,hours
523,John Valentine,213-66-8368,"735 Kevin Lodge Suite 628
Francesmouth, TN 04728",N,miles
524,Jessica Miller,507-21-6817,"5942 Myers Canyon
Samanthashire, WY 45503",Y,hours
525,Keith Sullivan,721-51-4003,"USS Hoffman
FPO AP 22187",Y,miles
526,Kathy Wilcox,675-39-3443,"PSC 2203, Box 6135
APO AE 99434",Y,hours
527,Amanda Powers,305-78-3423,"90237 Barbara Light Suite 448
Williamborough, KY 17708",N,miles
528,Jasmine Stone,791-08-5526,"54824 Williams Ridge Apt. 201
Marquezchester, KS 66947",Y,hours
529,Thomas Rodriguez,503-02-4899,"2348 Cooper Shores Apt. 074
Lake Alexashire, AL 46191",N,hours
530,Andre Rogers,175-23-8148,"75396 Terrell Terrace Apt. 151
North Karen, CO 22514",Y,hours
531,Whitney Mosley,314-13-0839,"1605 Timothy Pine Apt. 755
East Taylorberg, FM 49368",N,hours
532,Stanley Jenkins,789-79-1456,"USNS Perez
FPO AA 15474",Y,hours
533,Christina Decker,377-44-3872,"0810 Debbie Skyway
Mitchellmouth, MP 84505",N,hours
534,Derek Ward,740-35-9411,"7861 Lam Hill
New Emilyfurt, FM 88093",N,miles
535,Gabriella Stuart,860-91-9415,"50795 Rivera Haven Suite 180
Howellside, CA 65677",N,miles
536,Albert Morris,593-62-3532,"3075 Mccoy Villages
Port Danielle, NJ 93729",N,hours
537,Joseph Clark,204-36-7044,"9327 Powell Course Apt. 764
Phyllismouth, CT 26663",N,hours
538,Timothy Lindsey,819-04-9244,"435 Eugene Ford
East Charles, VI 50166",Y,hours
539,John Pitts,693-15-2727,"7221 Flores Pass Apt. 379
Petersside, CA 56831",N,miles
540,Carolyn Rodriguez,086-49-6675,"193 Clark Manors
Davidchester, CA 85915",N,hours
541,Wayne Garza,661-41-9379,"23634 Amanda Mall Suite 369
East Jasmine, TN 86974",N,miles
542,Jeremy Perez,886-89-4581,"1322 Angela Trail Apt. 068
Davilaville, GA 05405",Y,miles
543,Eric Moody,814-11-8966,"PSC 7959, Box 5920
APO AE 68224",N,hours
544,Morgan Hardy,006-10-5136,"784 Nicole Plain Apt. 813
Port Samuelport, KS 14016",Y,hours
545,Ann Thomas,486-86-8930,"541 Bernard Walks Suite 356
Jonesshire, VA 59119",N,miles
546,Susan Baker,253-27-1057,"459 Cisneros Route
Jeremyborough, AL 93231",Y,hours
547,Kayla Carpenter,652-33-4766,"79514 Kane Place
South David, OK 69019",Y,miles
548,Brandon Shelton,159-99-9259,"75310 Greene Courts Suite 006
South Ericaborough, HI 12028",N,miles
549,Seth Schultz,418-47-8981,"81610 Alice Plains
North Maryburgh, NV 44626",Y,miles
550,Barbara Woods,577-79-0718,"2973 Ellis Flat
Romeromouth, SC 98383",Y,hours
551,Tanner Smith,843-05-3424,"Unit 3326 Box 2490
DPO AE 13189",Y,miles
552,Barbara Barnes,828-97-1287,"5597 James Radial
Lake Molly, MD 98863",Y,miles
553,Hunter Zuniga,715-44-0098,"USCGC Singh
FPO AA 74288",Y,hours
554,Scott King,509-52-8905,"USNS Park
FPO AA 50647",Y,hours
555,Ashley Jennings MD,372-94-8398,"7878 Michelle Harbor Suite 748
Denisehaven, AL 30971",Y,hours
556,Stephanie Villarreal,612-19-5568,"74751 Eric Canyon
Hurleyside, FL 77636",Y,hours
557,Angela Ross,814-52-5950,"370 Santiago Locks
Port Scott, WI 86792",N,hours
558,Steven Armstrong,016-83-3751,"06243 Jonathan Spur
North Annamouth, IA 33918",N,hours
559,Suzanne Mendoza,537-20-0173,"0950 James Estates
South Davidburgh, MH 45852",N,miles
560,Alexander Lucas,439-81-5383,"281 Robinson Overpass
East Rayburgh, TX 29208",N,miles
561,Courtney Baldwin,379-39-5544,"2087 Samantha Route Suite 444
Robinside, IA 02302",Y,miles
562,Victoria Camacho,445-35-5988,"PSC 6522, Box 2362
APO AE 45037",N,hours
563,Elizabeth Larsen,784-52-5866,"075 Bautista Trail Apt. 693
Leblancbury, TX 92267",N,hours
564,Michelle Rose,138-97-5926,"6753 Steven Points Suite 658
North Donnafort, DC 81530",Y,hours
565,Alan Perry,784-59-9612,"056 Brown Heights Apt. 520
Williamston, MS 71808",N,hours
566,Ronald Deleon,089-55-0519,"06040 Meadows Throughway Apt. 592
West Andreport, MD 21968",Y,miles
567,Benjamin Anderson,009-20-7476,"488 Jesse Union
Calhounside, VA 53973",N,hours
568,Donald Whitney,818-69-0947,"5245 Joseph Haven Suite 195
Port John, SC 77814",N,miles
569,Jason Ross,257-34-3853,"490 Teresa Row Apt. 507
Port Nicholas, FL 58691",N,miles
570,Juan Curtis,840-01-3492,"5128 Perez Extensions Suite 448
New Laura, FM 52380",Y,hours
571,Daniel Christian,392-17-1521,"USNS Martinez
FPO AP 71896",N,hours
572,Jaime Farrell,571-89-4824,"329 Cox Island Apt. 491
West Jamie, MD 09681",N,hours
573,Shaun Kemp,448-78-8880,"6392 Christine Spur Apt. 326
Jeffreyberg, MI 08807",N,hours
574,Cody Miller,647-15-9965,"34813 Timothy Run
Port Susantown, NJ 88919",Y,miles
575,Thomas Randolph,482-84-2990,"Unit 2918 Box 6602
DPO AP 43349",Y,hours
576,Andrea Davis,204-43-3950,"179 Alvarez Road
Aliciashire, NC 52677",Y,hours
577,Michele Johns,095-76-8480,"93211 Pamela River
Lake Tammyland, FL 60064",Y,miles
578,Benjamin Jones,048-57-4273,"5500 Green Parks Apt. 010
East Adamview, VT 97808",Y,hours
579,Diane Ruiz,061-88-0831,"162 Smith Place
Port Hannah, NC 38442",N,miles
580,Christopher Johnson,615-82-6523,"922 Parker Fort Apt. 739
Lake Anthonyport, NC 53625",N,hours
581,Desiree Beasley,824-31-3480,"79512 Miller Fort
Thompsonside, WV 70757",N,miles
582,Cristina Evans,691-55-9860,"8626 Peter Views Apt. 569
West Cory, IN 83094",Y,miles
583,Brandy Bowman,226-26-8959,"664 Tammy Roads Apt. 116
South Vanessa, CT 87475",Y,miles
584,Sean Robinson,611-78-1262,"506 Andrea Highway
North Jaimeton, CT 78869",N,miles
585,Joseph Smith,533-79-1525,"93708 Stanley Lakes
Bradleyton, IN 87770",N,hours
586,Michael Burns,538-49-5303,"2619 Thomas Ville Suite 999
East Brittanyberg, DE 53205",Y,hours
587,Paul Vang,001-34-4103,"821 Daniel Ville Suite 501
Kristyfort, NY 13631",Y,hours
588,Michael West,062-30-6931,"47400 Smith Expressway
Kimberlyberg, DC 73564",Y,miles
589,Jennifer Rush,389-03-2621,"67530 Nichols Ports Apt. 167
Port Christopher, PA 79436",N,miles
590,Johnny Duffy,753-20-8972,"3410 Lyons Falls Apt. 124
Fowlerburgh, MI 69086",N,miles
591,Christopher Shelton,619-94-0931,"USS Wright
FPO AP 71403",Y,hours
592,Robert Wright,135-31-2665,"771 William Shoal Apt. 352
Wilsonburgh, AL 10460",N,miles
593,James Oconnor,775-56-5792,"54209 Guzman Divide
North Cherylburgh, MA 42727",Y,hours
594,Mrs. Christine Butler,243-98-7343,"503 Wilson Corners
East Dawnville, AR 28966",N,miles
595,Patricia Shields,392-32-3214,"0884 Cordova Road Suite 798
New Joann, MP 53179",N,hours
596,Jesus Smith,068-58-0859,"9884 Anita Falls
North Collin, CA 90727",N,miles
597,Randy Nixon,262-21-3024,"82173 Christina Meadows
Danielsshire, OK 11161",Y,miles
598,Willie Reynolds,066-61-6104,"132 David River Suite 529
Allisonside, PR 68605",Y,hours
599,Casey Johnson,393-37-4576,"488 Koch Avenue
New Chad, NC 80062",N,hours
600,James Taylor,029-97-1482,"66746 Glass Cove Suite 426
Hickshaven, TN 41197",N,hours
601,Bryan Dickson,656-52-6822,"74903 Douglas Overpass
New Robert, VI 09994",N,hours
602,Gary Hickman,761-17-1924,"6225 Gary Via Apt. 503
Matthewport, KY 67223",Y,miles
603,Donald Torres,747-30-0636,"73974 Clayton Land
South Patricialand, MP 15264",Y,hours
604,Chad Mitchell,688-30-4232,"0087 Henry Stream Apt. 384
Munozhaven, NH 13453",Y,miles
605,Terrance Schmidt,240-54-8753,"Unit 1786 Box 3069
DPO AP 97300",N,miles
606,Christopher Vega,448-80-0444,"094 Stephen Gateway Suite 362
Brookefurt, NH 06993",Y,miles
607,Christine Long,743-64-6727,"3065 Carpenter Squares
East Andreamouth, OK 43279",Y,miles
608,Brandon Weaver,071-46-7453,"62197 Bowman Mission
East Nicole, SD 37572",Y,miles
609,Shawn Myers,895-97-7457,"958 Martin Spur
Lake Christopherborough, OH 42825",Y,hours
610,Diana Green,772-53-3402,"046 Larry Mountains
Riveraburgh, HI 21138",N,miles
611,Maria White,031-84-5295,"USNV Collins
FPO AP 26193",Y,hours
612,Cameron Ruiz,207-23-4091,"576 Jerry Turnpike
South Christopher, PW 92613",N,miles
613,Taylor Conley,300-29-8290,"54538 Mcclain Tunnel Suite 426
Port Elizabethstad, MA 16314",N,hours
614,Jose Nixon,522-53-1553,"412 Pittman Parks Suite 898
Lake Brettstad, VA 65447",Y,hours
615,Aaron Hammond,088-50-9559,"296 Curtis Terrace
Brownstad, AK 56746",Y,hours
616,Jorge Perez,648-68-7963,"5599 Guzman Mountain Suite 799
Sanfordstad, OH 04209",N,hours
617,Bobby Terry,205-31-5090,"758 Megan Trace
Matthewshire, GA 43738",Y,hours
618,Michele Lynch,208-18-3129,"1009 Richard Course
Davidton, NC 74039",Y,miles
619,Steven Patterson,156-92-5225,"480 Petersen Lane Apt. 997
Christianfurt, VT 95885",N,hours
620,Rachel Parker,776-17-6546,"298 Gonzalez Hollow Apt. 322
Butlershire, PW 04539",Y,hours
621,Bethany Davis,475-56-3316,"41685 Mallory Lodge Suite 054
South Loriburgh, SD 66857",Y,hours
622,Mrs. Sherry Peters,355-60-1863,"9201 Hunter Gateway
Moorehaven, FM 65612",Y,miles
623,Nancy Scott,321-29-8803,"321 Christina Heights Suite 260
Lake Stephanie, AS 96137",Y,miles
624,Dr. Dylan Gonzalez,247-96-7339,"07266 Yvonne Port Apt. 934
Michelleland, CT 00686",N,hours
625,Edward Mccoy,491-04-5881,"90648 Matthew Mission Suite 243
West Annaport, MD 86354",Y,hours
626,Lee Clark,557-17-0541,"442 Paul Creek Apt. 344
West Nicolefurt, IA 68666",Y,miles
627,Zachary Torres,380-86-8576,"016 Solomon Lodge Suite 823
Jefferymouth, FM 66683",N,hours
628,Jennifer Butler,329-46-5940,"12923 Mendoza Skyway Suite 628
Kristinatown, MP 10127",Y,miles
629,Anthony Bryant,233-15-7019,"790 Jose Ford
South Timothy, TN 20725",Y,miles
630,Joshua Powell,080-34-3374,"168 Rasmussen Freeway
Williamburgh, NV 18323",N,hours
631,Joseph Jimenez,364-25-4472,"233 Bonnie Stream Suite 125
Janetchester, VA 39396",N,hours
632,Richard Nicholson,490-22-2092,"PSC 1274, Box 2070
APO AE 93122",N,hours
633,Donald Morris,228-96-6698,"914 Carrie Lights
Johnberg, KY 77611",N,miles
634,Willie Wright,887-52-1954,"8625 Villanueva Passage
Hermanland, SD 87765",N,miles
635,Michael Diaz,321-97-8290,"05946 Hoover Squares
Woodsberg, AR 69991",Y,miles
636,Randy Rhodes,346-26-7765,"0197 Mcmahon Ridge Apt. 825
Johnsontown, FL 74812",N,miles
637,Jennifer Owens MD,697-51-2013,"74768 Sarah Harbors
Michaelstad, AK 27565",N,hours
638,Raymond Davis,152-71-8651,"9289 Rodriguez Circle
Sheilashire, OK 30953",Y,miles
639,Jeffery Russell,842-61-2242,"70310 Payne Spurs
South William, DC 26554",N,miles
640,Brenda Clark,581-19-0673,"967 Bowers Stravenue Suite 991
Port Anitachester, AK 18663",Y,hours
641,Donna Rivera,619-60-5222,"816 Heather Knolls
Stevenland, CA 13557",N,miles
642,Jamie Underwood,069-41-8572,"84521 James Estate Apt. 519
Christophermouth, ND 72201",Y,hours
643,Jorge Holt,221-64-4029,"9311 Valerie Ports
Lake Cassandrafurt, LA 52363",Y,miles
644,Carrie Lewis,753-11-5289,"97967 Nancy Underpass
Lake Patrickshire, NY 31387",Y,miles
645,John Martinez,190-62-2997,"11262 Doyle Squares
Morenoborough, AZ 17974",Y,miles
646,Karina Weaver,343-28-1866,"2868 Joshua Forge Apt. 222
Reneeburgh, UT 39339",N,hours
647,James Rogers,699-30-5889,"454 Hamilton Trafficway
Fieldsville, AS 31212",Y,hours
648,Andrea Hampton,713-72-6625,"995 Anderson Unions
Marthamouth, MI 35899",N,miles
649,Tracey Robles,109-26-3104,"73883 Denise Valleys
Elizabethburgh, MP 98502",Y,miles
650,Jose Morris,050-49-8581,"5876 Turner Spur Apt. 264
West Robert, MA 49387",N,hours
651,Theresa Rodriguez,477-79-0426,"95070 David Circle Apt. 459
South Sydney, PA 52986",Y,miles
652,Jennifer White,752-86-7623,"316 Chase Mission Suite 461
Toddburgh, RI 61192",Y,miles
653,Leah Elliott,043-26-9271,"0880 Harold Falls Apt. 290
Sheltonchester, IN 07361",N,miles
654,Crystal Huynh,237-70-6817,"2398 Henry Streets
East Dustin, MT 17357",N,miles
655,Maria Harvey,005-09-0001,"9919 Gutierrez Station
Marvinmouth, NM 93108",Y,miles
656,Jason Holt,754-19-3339,"81647 Garcia Run
North Sarafurt, GA 13358",Y,hours
657,Victoria Nichols,047-87-2137,"294 Kristin Expressway Apt. 151
Leefort, CO 39753",Y,miles
658,Nicholas Castillo,598-28-9825,"779 Hannah Creek
Angelaport, RI 74735",N,miles
659,Renee Miller,081-99-1613,"PSC 0354, Box 9377
APO AA 29384",N,hours
660,Rebecca Elliott,016-91-6423,"791 James Road Suite 584
Leetown, NV 57782",Y,hours
661,Rebecca Berry,229-20-0185,"9922 Margaret Haven Suite 492
Port Melissabury, NH 43645",Y,hours
662,Jasmine Saunders,557-25-9580,"52551 Murray Highway Apt. 868
Martinchester, MS 29297",Y,miles
663,Amy Thornton,682-70-1564,"3460 Avila Extension Suite 271
Sharonborough, DC 58557",Y,hours
664,Angela Mcfarland,710-68-6967,"075 Lindsay Village
Coxfort, GU 93865",N,miles
665,Jessica Cooper,153-91-0711,"72219 Martinez Pass
Bruceton, HI 09810",N,hours
666,Amy Miller,160-76-8941,"USCGC Collier
FPO AE 92426",Y,hours
667,Tonya Faulkner,638-63-4313,"022 James Gateway
Jessicatown, MT 40690",N,miles
668,Christy Durham,243-66-6765,"05346 Perez Locks Suite 895
South Tinaport, KY 25626",N,miles
669,Robert Wilson,349-33-4919,"09894 Snyder Drive Apt. 795
Maciasshire, IL 12264",Y,hours
670,Natalie Green,351-56-6614,"PSC 6676, Box 1106
APO AA 91903",Y,miles
671,Julie Garcia,765-57-8228,"962 Howard Glens
Mcmahonmouth, IL 71997",N,hours
672,Rachel Wilson,548-18-2117,"71746 Scott Station
Matthewmouth, TN 04675",N,hours
673,Zachary Ortega,149-65-4358,"714 Guerra Turnpike
Fernandezfort, ME 40897",N,hours
674,Victoria Alexander,157-66-2913,"76994 King Track Apt. 962
East Amyburgh, LA 25446",N,hours
675,Aaron Parker,124-89-1877,"928 Williams Branch
Anthonyhaven, TX 09946",N,miles
676,Savannah Joseph,703-88-7821,"95310 Mary Cliff
East Michaelton, UT 93785",N,hours
677,Tyler Nichols,295-25-7684,"1095 Taylor Coves
West Jay, VT 58162",N,miles
678,Lisa Howard,826-59-3707,"67243 Kimberly Valley
Jeanettefurt, ME 30737",N,miles
679,Hayley Stout,370-91-2349,"10493 Cindy Neck
New Rebeccamouth, NV 76630",Y,hours
680,Michelle Walter,286-18-6058,"18816 Chang Pike
Deniseburgh, OK 14939",N,miles
681,Luis Rivera,680-98-0369,"331 Keith Junction
Lake William, VT 39737",Y,hours
682,Lindsey Tran,810-88-8858,"9810 Walters Heights
East Diane, IN 20763",Y,hours
683,Jose Dunn,493-67-1166,"59714 Connie Centers Suite 064
Stewarttown, OH 56924",N,hours
684,Barbara Wong,500-46-6862,"USS Parker
FPO AP 31555",Y,hours
685,James Salinas,867-65-2333,"3525 Stephanie Canyon Suite 008
Stephaniemouth, UT 26286",Y,hours
686,Andrew Stephens,196-85-4952,"035 Love Center Suite 987
Davidchester, VI 96156",Y,hours
687,Tracy Edwards,575-91-5104,"309 Allen Island Apt. 066
New Connor, WA 59628",N,hours
688,Michael Martin,003-62-6019,"12974 Figueroa Walks Apt. 578
Williamsville, NM 22014",Y,miles
689,Michael Becker,574-74-0871,"99181 Calhoun Views
Pamelaburgh, NE 15023",Y,hours
690,Ashley Chapman,785-16-6408,"408 Reid Extension Apt. 423
Freyfurt, VT 93094",N,miles
691,Raymond Rhodes,021-54-2467,"076 Soto Point
Port Michelle, NC 07330",N,miles
692,Richard Perez,874-56-9394,"34701 Taylor Crest Suite 336
South Jeffreybury, TN 49001",N,hours
693,Tracy Frank,532-76-5045,"4353 Taylor Parks Apt. 892
Armstrongfurt, AS 02834",N,hours
694,Nathaniel Cook,573-66-3837,"9970 Sandra Forest Suite 164
Lake Davidborough, SC 98983",N,miles
695,Richard Johnson,219-55-6830,"959 Angela Rest
New Lisaberg, SC 56379",N,miles
696,Brian Higgins,884-33-2265,"595 Brenda Mills
Michelletown, KY 01944",N,miles
697,Ryan Moore,690-57-6327,"0972 Deborah Branch Suite 491
North Jeffreybury, OH 97214",Y,miles
698,Julie Smith,335-88-7661,"095 Lawrence Manor
Nelsonborough, AZ 52610",N,miles
699,Amanda Allen,664-95-2671,"8272 Hodges Turnpike Suite 541
West Chelseabury, WY 40584",Y,miles
700,Richard Meyer,358-91-5971,"2417 Christopher Lakes Suite 286
Port Melanieville, CT 88340",Y,miles
701,Michelle Compton,356-43-1569,"7205 Jeffrey Lane
Port Marcus, ME 35700",N,miles
702,Mallory Taylor,697-60-3896,"2399 Cox Mission
Julianhaven, MA 04592",N,miles
703,Samuel Macias,400-21-2902,"008 Dixon Ferry Suite 801
Port Gregoryville, ME 39692",Y,hours
704,Joshua Johnson,209-63-9979,"5022 Suarez Corners
Denisechester, AL 71135",Y,hours
705,Omar Roberts,589-34-6947,"41602 Coffey Branch
Leeview, PR 81532",Y,miles
706,Kaitlyn Taylor,201-97-2853,"17512 Rodriguez Mountains Apt. 513
Christophertown, DC 19820",Y,miles
707,Colleen Reid,850-83-9063,"536 Aguilar Center Suite 725
Destinyberg, AS 78112",Y,miles
708,Carolyn Cannon,015-27-3194,"05194 Collins Walk
Dawnville, MN 13953",N,miles
709,Rachel Miller,196-34-0270,"6741 Sarah Courts
Figueroaview, IN 53027",N,hours
710,David Reed,191-27-4471,"3123 Jane Expressway Apt. 367
Dominiquemouth, MI 46195",N,miles
711,Tanya Willis,835-53-9633,"756 Joseph Road
Reyesshire, CT 49771",Y,miles
712,Rachel Peters,860-35-5012,"222 Richardson Junction Apt. 848
North Sarahland, SC 05066",Y,miles
713,Jeffrey Williams,784-80-9873,"6297 Kimberly Manor Suite 242
Lake Alanmouth, OR 88796",N,miles
714,Karen Thomas,276-71-7043,"816 Ebony Wells Suite 037
Lake Jennifer, TX 78559",Y,hours
715,Eric Thomas,761-13-4521,"7113 Harris Mission Apt. 475
New Brandonton, IN 55232",Y,hours
716,Penny Lane,180-88-8168,"7362 Kenneth Mount
Hartmanmouth, TN 66214",Y,hours
717,Robert Tucker,529-24-2692,"64250 Christopher Shore Suite 379
Scottfurt, NC 21480",Y,miles
718,Robert Greer,558-80-7146,"61911 Victoria Stravenue
Deannaburgh, MP 43596",Y,miles
719,Mary Smith,176-82-0509,"70021 Michele Ports
Ericksonland, CT 37130",N,miles
720,Travis Wilson,253-73-4186,"USNS Lee
FPO AE 87630",Y,miles
721,Julie Lindsey,536-77-8851,"8613 Dennis Tunnel Apt. 868
Christopherstad, NJ 48952",Y,hours
722,Justin Murray,171-30-7616,"823 Martinez Dale Suite 123
Michaelstad, FM 87589",N,hours
723,Dorothy Berry,273-04-4399,"46997 Shannon Forge
Hughesberg, UT 95972",N,hours
724,Paul Johnson,112-39-4136,"351 Parker Cliffs
Thomasmouth, MT 81979",N,hours
725,Donna Chung,023-98-1765,"5859 Joshua Turnpike Apt. 109
Anthonyfurt, HI 47272",Y,miles
726,Frank Hart,491-98-6266,"73377 Adriana Forks Suite 436
East Robertborough, CO 19487",N,miles
727,Angela Jordan,806-31-6646,"825 Austin Crossroad Apt. 174
South Elizabethberg, GU 40125",Y,hours
728,Brandy Hill,703-56-6076,"57455 Annette Circles Suite 399
Lake Charles, NV 46319",Y,miles
729,Amber Walsh,296-64-4644,"41260 Massey Hill Apt. 106
New Tammy, IN 37588",N,miles
730,James Davis,374-32-8204,"6899 Mejia Circle Suite 029
West Shirleyport, NV 96305",N,hours
731,Adam Jackson,812-09-0183,"878 Michael Hollow Suite 851
Ericashire, NV 44209",N,hours
732,Jessica Johnson,047-05-3847,"27159 Hernandez Drive Suite 720
Antoniobury, OH 45474",Y,hours
733,Steven Pope,644-11-3465,"3168 Austin Plaza Apt. 093
Natalieburgh, NH 42384",Y,miles
734,Andrew Moore,861-92-6689,"4560 Bender Locks Suite 678
West Holly, PR 39044",Y,hours
735,Leslie Turner,746-53-1132,"007 Washington Common
North Darin, CT 66447",N,miles
736,Justin Black,793-43-6848,"08964 James Squares
East Williammouth, AK 06920",N,hours
737,Sandra Bryan,368-80-5662,"PSC 1040, Box 7452
APO AE 07787",N,miles
738,Krystal Brown,794-93-2472,"01333 Sarah Square
New Brianabury, WY 64860",Y,hours
739,Reginald Lee,543-56-0476,"40829 Adriana Shores Apt. 839
North Justin, LA 19932",Y,miles
740,Darlene Bell,050-17-8706,"592 Campbell Circle Apt. 895
North Danielville, NV 87924",N,hours
741,Justin Mitchell,809-43-2494,"866 Sergio Forks Apt. 573
Smithberg, TN 57802",N,miles
742,Karen Parker,156-67-7416,"89348 Carpenter Gateway
North Patrickmouth, NH 37636",Y,miles
743,Kevin Scott,596-08-5153,"825 Matthew Loop Apt. 909
New Bethany, TN 70308",Y,miles
744,Ronald Grant,668-76-5315,"47016 Stone Ranch Suite 970
East Alexaview, IA 60863",N,miles
745,Mark Fowler,091-77-2788,"PSC 3170, Box 7295
APO AP 68634",Y,miles
746,Christopher Mann,238-26-1366,"PSC 5980, Box 5564
APO AA 13863",N,miles
747,Sharon Welch,406-77-1904,"PSC 8648, Box 8887
APO AE 86139",Y,hours
748,Robert Poole,498-72-8128,"8950 Webb Pass
Kathrynshire, NM 92335",Y,hours
749,Maria Deleon,475-88-1366,"6982 Wilson Turnpike
Richardsborough, KY 38595",N,hours
750,Keith Medina,227-21-8453,"926 Alexandria Locks
East Karaburgh, IA 23830",N,miles
751,Suzanne Carroll,658-47-3873,"24313 Sims Row
Lloydfurt, VA 45661",Y,hours
752,Kirsten Johns,215-19-1150,"92432 Cory Causeway Suite 140
North Markview, AR 63733",Y,miles
753,Christopher Nichols,348-07-3822,"9091 Julie Radial Suite 804
Port Christianshire, MN 12905",Y,miles
754,Isabella Owens,241-43-3554,"7563 Tonya Dale Apt. 451
New Christina, PR 96986",N,hours
755,Michael Mitchell,649-91-1544,"Unit 7648 Box 3084
DPO AE 99914",N,hours
756,Jill Best,825-56-6870,"5869 Robert Street
Villanuevafurt, WI 90570",N,miles
757,Mackenzie Davis,611-15-6130,"70777 Brenda Drive
New Shannon, VI 83996",Y,hours
758,Steven Klein,315-04-4417,"161 Davis Tunnel
South Michaelside, KS 87699",N,hours
759,Jose Giles,600-54-4126,"4796 Pierce Crossing Apt. 013
Wardfort, IN 45687",N,hours
760,Deborah Gibbs,681-77-1668,"1915 Sean Dam
Victoriatown, NM 85877",N,hours
761,Heather Jones,457-41-4650,"776 Erik Plains
West Laurastad, MI 97377",Y,miles
762,Arthur Watson,573-05-2715,"39034 Garcia Pass
Tuckerstad, FM 87391",Y,hours
763,Cindy Hurley,614-71-5363,"15809 Jenna Mountain Apt. 580
Johnshire, WY 69297",N,hours
764,Melvin Stewart,008-77-0809,"Unit 5127 Box 8461
DPO AP 97261",Y,miles
765,Sheryl Davis,021-13-8840,"907 Morgan Knolls Suite 410
Debbieview, MP 69309",Y,hours
766,John Stein,631-11-9834,"Unit 9708 Box 7564
DPO AA 51284",Y,hours
767,John Cummings,403-86-1022,"4345 Cannon Knolls Apt. 803
Julieside, NE 86096",N,hours
768,Laura Pierce,541-60-0607,"83552 Wayne Stream
Lake Michael, ID 88556",Y,hours
769,James Andrews,515-59-9508,"30560 Annette Glen Suite 989
South Stevenshire, KY 18603",N,hours
770,Christine Campbell,210-71-8180,"5869 Jessica Circle Suite 629
Warrenview, KY 13028",Y,hours
771,Nicholas Wilson,667-22-1927,"02105 Clark Vista
South Elizabeth, WI 90295",Y,hours
772,Margaret Andrews,704-95-3361,"159 Theresa Lake
Christown, NM 86561",Y,hours
773,Douglas Robinson,882-88-9163,"135 Jennifer Tunnel
Wagnerburgh, AZ 28012",N,hours
774,Donna Figueroa,188-27-7346,"435 April Lodge
North Danielberg, MI 53029",Y,miles
775,Kevin Torres,758-88-3797,"629 Ashley Village Apt. 124
Craigchester, GA 62898",Y,hours
776,Cynthia Leonard,660-34-7524,"8100 Michael Walk
North Brittany, NY 86257",N,hours
777,Kyle Wilson,899-71-2884,"19205 Laura Common Suite 133
Donburgh, NJ 48140",N,hours
778,Nicholas Woodard,780-53-6388,"468 Oliver Ports Suite 686
South Christina, AR 78970",Y,miles
779,Steven Zamora,492-01-1735,"92059 James Ramp Apt. 557
Lake Nicholas, WY 14506",N,miles
780,William Wright,247-86-6378,"08272 Flores Hill Suite 502
North Katie, MO 07648",N,hours
781,Zachary Schmidt,540-75-0978,"960 Wanda Shores Suite 483
Hamiltonburgh, WY 88204",N,hours
782,Mark Ramirez,879-78-3184,"6378 Patel Throughway
Port Shaunstad, MN 20391",Y,miles
783,Melissa Walters,361-44-2416,"959 Fowler Greens Apt. 114
Emmashire, MS 04440",Y,miles
784,Pamela Beard,591-08-5108,"7831 Norman Prairie
Williamview, IN 11886",N,miles
785,Brian Cruz,122-02-5156,"0977 Lisa Expressway
West Markhaven, AL 48772",N,hours
786,Earl Gonzalez,054-15-7099,"14141 Betty Mount Suite 485
Lake Bradley, KY 44555",Y,hours
787,William Lucas,835-94-5081,"7626 Angela Cliffs
New Danielland, MH 77209",Y,miles
788,Brad Clarke,568-96-2622,"2195 Tanya Port
Brandonbury, PW 03124",Y,hours
789,Alex Williams,441-62-8796,"477 Williams Trail
East Candicemouth, RI 14786",Y,miles
790,Kevin Browning,010-19-6589,"463 Jacob Avenue
North Toni, IA 36457",N,miles
791,Mark Buchanan,727-80-8621,"063 Simmons Road
New Russellbury, MD 43212",Y,miles
792,Monica Arnold,057-02-7520,"9188 Reynolds Drives Apt. 878
Kaylaberg, PR 99403",Y,hours
793,Mrs. Sabrina Roberts,470-81-8227,"06862 Reyes Cove Suite 784
Christineton, TN 24875",N,miles
794,Jennifer Berry,072-82-0968,"32548 Ryan Bridge
New Stevenside, NE 66955",N,hours
795,Monique Martinez,761-39-7297,"318 Camacho Run Suite 904
Stewartchester, GA 54313",Y,hours
796,Amanda Burton,431-64-5499,"18571 Collins Manor Suite 925
Johnhaven, NJ 13437",N,miles
797,Richard Lawrence,779-90-3162,"666 Henry Tunnel
Codystad, MO 64998",N,miles
798,Aimee Gardner,520-30-7490,"847 Collin Vista Apt. 282
Craigland, MT 36458",Y,hours
799,Rick Thomas,278-84-2170,"1307 Jensen Extensions
Andradeside, VI 14757",N,miles
800,Richard Richardson,542-64-2940,"48055 Boyer Forks Suite 144
Lake John, NC 73260",Y,hours
801,Gabriel Alvarado,235-62-3586,"0049 Megan Junction Suite 676
West Melvinville, GU 15833",Y,hours
802,Mariah Beck,077-93-3534,"52756 Jessica Islands Apt. 368
Kennethton, WA 54302",Y,hours
803,Jerry Cole,234-20-1486,"48225 Anthony Row Suite 028
Port Felicia, GU 29290",N,hours
804,Penny Sanchez,271-57-4593,"063 Penny Flats Apt. 417
Lake Davidmouth, MT 68499",N,hours
805,Francisco Smith,509-65-7882,"86483 Steven Knoll Suite 181
Brownberg, AZ 26335",Y,hours
806,Phyllis Berry,276-40-8376,"8713 Campbell Field Suite 101
North Christopher, OH 54285",Y,miles
807,Brianna Graham,275-07-4133,"23093 Baker Motorway Apt. 318
Lake Josephmouth, MN 09527",Y,hours
808,Kaitlyn Hunt,217-66-0451,"43038 Cannon Vista Apt. 066
New Pamela, LA 04869",Y,hours
809,Jennifer Bell,173-45-8803,"USCGC Kelley
FPO AE 44375",Y,hours
810,John Foley,816-29-8248,"54061 Smith Turnpike Suite 323
East Shannon, MI 81085",N,miles
811,Jennifer Miller,383-49-0102,"97783 Joseph Expressway
North Rachael, IA 58084",Y,miles
812,Matthew Mayer,036-08-8694,"629 Craig Pines
New Seth, LA 22426",Y,miles
813,Erin Mason,827-60-2337,"86901 Christopher Brooks Apt. 726
Cesarstad, VA 37636",N,hours
814,Gregory Thomas,254-84-8871,"6798 Braun Spur
Weisstown, GU 95756",N,miles
815,Benjamin Williams,294-83-3636,"9424 Manning Island
Katrinachester, AR 40295",N,miles
816,Tanner Stephens,073-44-5288,"5194 Perez Keys Apt. 263
Jenniferchester, MH 97651",N,hours
817,Susan Taylor,017-29-6274,"74438 Mosley Overpass
South Cassidyshire, ME 37481",N,miles
818,Angela Newton,178-16-0103,"739 Butler Shoal Apt. 955
West Timothyside, IA 97741",Y,hours
819,Nicholas Klein,184-60-3698,"00669 Angela Underpass
Sparksville, NH 03429",Y,miles
820,Morgan Byrd,149-18-9179,"8103 Johnston Forest Apt. 877
South Donaldfurt, AL 95954",N,miles
821,Kevin Meyer,163-88-0904,"4011 Luis Lake
Lake Trevorburgh, CO 21644",Y,miles
822,Troy Pacheco,184-61-4609,"039 Karen Lane Apt. 207
East Cameron, NY 07424",N,miles
823,Christina Stanley,194-07-1063,"USS Williams
FPO AE 30210",N,hours
824,Jill Sutton,809-48-8025,"802 Robert Glen Suite 349
North Kenneth, OH 33562",Y,hours
825,Cynthia Henry,151-19-1633,"PSC 0359, Box 8710
APO AE 64567",N,miles
826,Charles Barr,551-94-3971,"Unit 8968 Box 3608
DPO AE 40771",Y,hours
827,Valerie Becker,837-09-8423,"54156 Robert Centers
Lake Jeffreyhaven, GA 71323",Y,hours
828,Jennifer Dawson,115-42-2340,"359 Mosley Neck
New Lisashire, MA 62035",Y,miles
829,Rhonda Williams MD,734-62-1404,"1067 Morrow Summit Apt. 517
Powersshire, ID 26080",Y,miles
830,Douglas Zamora,379-31-1601,"34343 Thomas Mountain Suite 151
Cassandraland, TN 21690",Y,miles
831,Dennis Campos DVM,738-35-5900,"456 Campbell Circles
West Jeff, VT 29076",Y,hours
832,Rebecca Arroyo,833-53-7136,"520 John Forge
East Adamland, NM 30099",N,hours
833,Chloe Mcfarland,556-24-2660,"PSC 4471, Box 1949
APO AA 87394",N,hours
834,Charles Guzman,324-23-8045,"USS Hernandez
FPO AP 96155",N,hours
835,Michael Reyes,226-66-6959,"4420 Jamie Mall
Judymouth, WI 26942",N,miles
836,Paula Moreno,470-54-9719,"529 Watkins Isle Apt. 460
Lucasstad, NH 37380",N,miles
837,Alexander Ramirez,293-77-6908,"005 Payne Tunnel Apt. 934
Port Andrewville, DC 31403",Y,hours
838,Mitchell Schwartz,771-50-7355,"PSC 7684, Box 4008
APO AA 36648",N,miles
839,Kristine Daniels,012-47-7309,"02550 Darren Views Apt. 752
Josephfort, AR 91810",N,hours
840,Jacob Thomas,084-92-6985,"139 Montgomery Flat Apt. 713
East Bradley, AS 23772",N,hours
841,Travis Fisher,490-30-9536,"18353 Vega Run
New Jade, OK 92513",N,miles
842,Chad Johnson,334-76-8732,"4863 Wong Walks
Nicholsport, MT 98507",N,miles
843,Steven Snyder,600-56-8502,"57504 Mary Neck Apt. 199
East Dianechester, NC 59791",Y,hours
844,Jennifer Beck,164-91-8947,"6229 Douglas Wall
New Karenbury, FL 04423",N,hours
845,Laura Booth,467-10-0271,"40427 Sherry Manors Apt. 427
Kennethstad, AR 90801",Y,miles
846,Megan Vasquez,664-91-4075,"9911 Trevino Square Suite 337
Port Timothy, ND 64826",Y,miles
847,Angela Lin,701-46-1455,"58955 Jimenez Flat Apt. 741
Webbside, AL 45893",N,miles
848,Katherine Garcia,704-16-5076,"8996 James Brooks
Williamtown, AK 78801",Y,hours
849,Jennifer Richards,100-41-3477,"9420 Richard Trace Apt. 547
North Andrebury, NM 02210",N,hours
850,Travis Poole,502-03-3940,"5278 Fields Extension
Acevedoview, WY 83051",Y,hours
851,Donna Lawson,845-25-1145,"02251 Brenda Spurs
Stanleyfurt, KY 65300",N,hours
852,Melinda Sanchez,133-01-3386,"PSC 9256, Box 8337
APO AA 19147",Y,hours
853,Rebekah Brown,292-49-1927,"PSC 8832, Box 5119
APO AP 27050",N,hours
854,Veronica Bauer,102-17-4816,"660 Cole Meadows
New Miranda, RI 83436",Y,hours
855,Sara Davis,124-34-4638,"35039 Vincent Ways
Lucasport, VT 24967",N,hours
856,Elizabeth Foster,577-33-6219,"38478 Lisa Camp
Port Kristinshire, VT 89759",N,hours
857,Mr. Craig Cherry DDS,071-65-9769,"601 Hoffman Island
Goldenview, HI 68040",Y,hours
858,Claire Parker,773-33-1138,"43345 Jonathon Springs Apt. 705
South Maureen, RI 89359",Y,hours
859,Carlos Anderson,585-70-8056,"901 Johns Ville Apt. 396
North Amyland, AK 68100",N,hours
860,Kimberly Hines,041-23-8502,"Unit 2721 Box 0536
DPO AE 68029",N,miles
861,Eileen Dunn,388-66-4891,"860 Gomez Summit Suite 625
Robertsshire, DE 42214",N,miles
862,Beverly Baker,530-94-8325,"073 Hernandez Pike
New Michaelchester, MS 34109",Y,hours
863,Timothy Reynolds,711-73-3362,"328 Mary Locks
West Peggy, IL 59443",Y,hours
864,Hannah Dickerson,304-15-8333,"6552 Andrew Squares Suite 924
Martinbury, MT 92069",N,hours
865,Dustin Banks,224-30-5649,"2953 Garcia Path
Thomasfurt, UT 01510",N,hours
866,Lori Blanchard DVM,244-82-9495,"5552 Jeremiah Square
North Brandon, VI 52606",Y,miles
867,Larry Rice,369-26-4563,"838 Tate Park
Chapmanborough, KS 03395",N,hours
868,Thomas Potter,756-09-6015,"1736 Hebert Underpass Apt. 272
North Jessicaville, CT 74818",Y,miles
869,Mr. David Cunningham,817-70-4595,"557 Brooks Ports
Porterborough, MS 47400",Y,hours
870,Kristin Miller,039-94-7927,"PSC 6191, Box 7553
APO AE 94031",N,miles
871,Thomas King,114-65-0349,"0888 Bullock Ferry
Milesfort, MO 52502",Y,miles
872,Ralph Flowers,774-70-2615,"744 Lyons Bypass
Richardsonmouth, VI 98334",Y,miles
873,Michael Prince,705-91-9790,"152 Trevino Stravenue
East Craigside, FM 69923",Y,hours
874,Jessica Garcia,280-71-7639,"24783 Joshua Valley
Justinmouth, OK 29355",N,miles
875,Lori Owens MD,709-61-2305,"3666 Sarah Dam
South Richardstad, GU 93849",N,miles
876,Christopher Vega,024-14-9583,"985 Anthony Fall
New Maureen, WA 80618",Y,miles
877,Jerome Ramirez,142-08-4840,"5221 Pena Crossing
Emilyport, AR 59428",Y,miles
878,Mrs. Kimberly Murphy,699-64-6425,"2135 Daniel Course Apt. 317
Millerton, LA 41798",Y,miles
879,Christine Nicholson DVM,250-20-8177,"93651 Watson Hollow Apt. 087
Charlesland, AL 31473",N,miles
880,Elizabeth Liu,239-98-6349,"83529 Joshua Greens
East Petershire, TX 29895",N,hours
881,Rachel Barber,878-89-5232,"5003 Alfred Turnpike Suite 679
South Sandra, HI 98261",Y,miles
882,Jonathan Brown,250-24-3377,"844 Maria Track
Leemouth, UT 86857",N,hours
883,Wendy Gates,479-12-9603,"3470 Brandon Inlet Apt. 942
Jacobport, OR 01467",N,hours
884,Jeremy Evans,870-66-4261,"64226 Hill Roads Suite 878
Charlesburgh, WI 24053",N,hours
885,Christopher Harris,316-23-3880,"Unit 8138 Box 2667
DPO AP 97571",Y,hours
886,Ronald Reese,345-34-6902,"05319 Sharp Glen
Amyshire, WY 85857",Y,miles
887,Amanda Yoder,095-09-9720,"94764 Laurie Union Suite 635
East Reginaborough, MH 46587",Y,hours
888,Desiree Nelson,885-67-8697,"41564 Jason Estates
Raytown, NM 20924",Y,hours
889,James Jordan,138-45-8980,"9830 Tanner Shoals
Tuckerport, NC 13139",Y,hours
890,Carol Allen,279-70-9075,"4173 Chloe Landing Suite 755
Carlsonton, CA 34783",N,miles
891,Jill Collins,335-31-4969,"728 Becker Prairie
Morrishaven, ND 73657",N,hours
892,Kelly Mitchell,115-74-7259,"5158 Pamela Junctions Apt. 455
Edwardhaven, NJ 35874",Y,miles
893,Charles Clark,319-46-0851,"933 Reynolds Extensions
East Paulahaven, UT 72852",Y,hours
894,Louis Miller,854-15-3861,"Unit 5723 Box 6594
DPO AA 64163",N,hours
895,Christian Bond,614-35-5568,"52374 Melanie Glens Suite 644
Fredborough, DC 54814",Y,hours
896,Mark Patton,528-26-0243,"25094 Wanda Mall
Erinton, MD 86837",Y,hours
897,Julie Robertson,248-92-1577,"0232 Obrien Mountains Suite 629
North Nicholas, PA 79900",Y,hours
898,Tanner Webb,792-37-5115,"3166 Medina Dam
New Joshualand, PR 03589",N,hours
899,Edward Wright,120-77-1256,"76847 Griffith Greens
South Christianville, UT 95487",N,hours
900,Lisa Kim,657-25-6701,"78116 Campbell Coves Suite 046
New Dianefort, ME 27737",Y,miles
901,Angela Murray,861-90-3521,"690 Vincent Mountain Suite 548
Cherylfurt, WY 95061",Y,miles
902,Ronald Frank,427-70-0558,"522 Jeffrey Rue Suite 793
West Jamesbury, MI 79740",N,hours
903,Selena Moore,816-32-6640,"USNV Hess
FPO AE 44495",N,hours
904,Kyle Davis,229-61-2105,"21629 Mcmillan Wells Apt. 493
Lake Jillmouth, WI 55124",Y,miles
905,Adam Alvarez,412-43-9171,"45102 Boone Flats
Meredithbury, LA 12669",N,hours
906,John Mosley,191-20-1398,"0763 Gonzalez Hill Suite 466
North Dylan, MT 04268",Y,hours
907,Cheryl Coleman,672-74-6972,"0899 Callahan Mountain Suite 955
East Kimberlymouth, HI 02770",N,hours
908,Brittany Long,793-18-4007,"3587 Cunningham Street Suite 372
New Jenniferchester, CT 09567",N,miles
909,Nathan Ramos,838-62-7030,"7826 Aaron Bypass
Marilynfurt, PR 99031",Y,hours
910,Tiffany Davis,187-34-7573,"2872 Torres Crossing
Lake Belindafurt, VI 85946",N,hours
911,Lisa Alexander,142-43-9977,"814 Gregory Canyon
Brownside, IA 51888",Y,hours
912,Ryan Lopez,517-94-4953,"35180 Sherman Mill Suite 799
West Edward, NC 45643",Y,hours
913,Lynn Kelly,850-18-4109,"3227 Stokes Roads Apt. 171
Port Paulview, MT 52634",N,hours
914,Kelly Nelson,689-31-3472,"Unit 3449 Box 0360
DPO AP 00942",N,miles
915,Travis Gomez,489-82-2920,"0291 Kiara Station
Bobfurt, TN 57894",Y,hours
916,Michael Johnson,631-73-6565,"PSC 0444, Box 1582
APO AP 32647",N,hours
917,Suzanne Bray,623-31-1351,"39129 Lisa Union Apt. 954
New Johnathan, AL 62420",N,hours
918,Theresa Carroll,731-84-8680,"USCGC White
FPO AE 57716",Y,hours
919,Sarah Smith,446-09-8974,"57793 Sullivan Lane
New Ricardo, OK 57672",N,hours
920,Phillip Trevino,505-15-4440,"PSC 9432, Box 3898
APO AE 49002",Y,miles
921,Gabrielle Collins,178-54-0183,"114 Danielle Terrace
Donovanbury, OH 12191",Y,miles
922,Monica Austin,115-61-0971,"41971 Douglas Centers
Timothyton, MT 40717",N,hours
923,John Campos,733-18-1013,"8648 Edwards Ramp Suite 064
South Kimberly, MT 17266",Y,miles
924,Randy Shaw,231-58-2159,"65326 Christopher Key
Penningtonside, FL 27107",N,miles
925,Michael Diaz,655-62-9050,"8493 Cameron Brooks
Michaelview, OH 82146",Y,miles
926,Michael Smith,283-11-5666,"USNV Luna
FPO AP 87254",N,miles
927,Joshua Jackson,853-62-3827,"7031 Lucero Stravenue Suite 686
Rubioberg, DE 33408",N,miles
928,Sandra Russell,873-30-4624,"625 Oscar Ports
Ballton, AR 75999",N,miles
929,Tim Berry,809-50-8624,"PSC 1824, Box 5099
APO AP 47767",N,miles
930,Phillip Walls,123-66-8560,"733 Miller Course Apt. 972
Hinesfurt, CO 02486",Y,miles
931,Roger Monroe,420-68-1184,"8124 Goodman Flats Suite 307
North Nancyville, MN 08995",Y,hours
932,Sarah Spencer,301-22-1066,"555 Cuevas Knoll Suite 023
South Ashley, OH 61375",N,hours
933,Carol Johnson,815-89-8618,"662 Carol Keys
New Christian, AS 65361",Y,hours
934,Jaclyn Hudson,331-71-4862,"02315 Michael Fords Apt. 110
South Aaron, CT 19583",Y,hours
935,Matthew Robbins,223-35-9103,"05082 Wong Keys Suite 374
Port Deniseshire, NC 43449",N,miles
936,Lisa Flynn,346-81-6183,"USCGC Williams
FPO AP 14606",N,hours
937,Kristina Santos,385-77-5775,"USNS Fry
FPO AP 64786",N,miles
938,Cory Willis,351-62-4396,"44191 Kaylee Turnpike Apt. 934
Port Louis, RI 46410",Y,miles
939,Brittany Owen,770-79-1889,"USNV Harris
FPO AE 60307",N,hours
940,Jeremiah Walker,606-35-9678,"49016 Ochoa Center
Wilsonville, NC 26864",Y,hours
941,Patrick Rhodes,790-18-9953,"845 Ayala Station Suite 019
Sandovalland, LA 37835",N,hours
942,Bonnie Johnson,571-48-4367,"8767 Cheryl Circle Suite 838
Williamburgh, IL 27175",Y,miles
943,Mrs. Sharon Vaughan DDS,395-30-9776,"27226 Jacqueline Hills Suite 160
South Christopher, DE 83509",N,hours
944,David Evans,052-16-9847,"634 David Locks
Adamberg, MS 68457",N,hours
945,Jeffrey Bullock,632-05-9523,"672 Larsen Pike
Christensenview, SD 76091",N,miles
946,James Andrews,643-37-2718,"92633 Jesus Park
South Brendaside, NV 92642",Y,hours
947,Sarah Foley,034-34-7139,"686 Wang Walks
Johnsonchester, MN 08816",Y,hours
948,Mrs. Kristi Bridges,525-13-5908,"USNS Hubbard
FPO AE 71463",N,miles
949,Jennifer Jones,620-45-6734,"26497 Wells Isle
Bennettburgh, FL 62835",N,miles
950,Christopher Livingston,239-14-0928,"56711 Wilson Common Suite 872
West Juliehaven, MH 09778",Y,miles
951,April Alvarez,465-40-8000,"4238 Perry Stravenue
Lisachester, WV 64278",N,miles
952,Teresa Powell,460-95-8357,"263 Angelica Extensions
Michaelside, WY 89966",Y,miles
953,Christopher Kline,627-15-5566,"117 Gray Island Suite 047
Hurleyburgh, DC 07904",Y,hours
954,Christina Beltran,386-54-2729,"9694 Wendy Court
West Ritastad, UT 32741",Y,miles
955,Margaret Robertson,675-07-1416,"26283 Laura Lights Suite 420
North Garymouth, DC 71337",Y,hours
956,Dr. Tom Chandler,228-03-6083,"937 Lambert Drive
West Bradstad, MN 62400",N,miles
957,Logan Pena,842-16-2166,"28701 Jeffrey Lodge Apt. 638
Port Carloschester, MO 66273",N,hours
958,Audrey Baker,662-71-2746,"78318 Lisa Isle Apt. 571
Stefaniebury, MN 15069",N,miles
959,Jeff Doyle,406-87-7411,"6990 Melissa Views
New Kathleenfurt, MA 61357",Y,miles
960,Wesley Long,121-33-8686,"02540 Dale Roads
Dianefurt, DE 86876",N,hours
961,Christopher Murphy,116-93-9299,"12831 Diane Motorway
Katherinetown, KY 07591",N,miles
962,Matthew Grant,860-19-5881,"4149 Benjamin Flats Suite 784
Aliciaview, NM 70956",N,miles
963,John Gray,738-64-2782,"Unit 1783 Box 7664
DPO AP 68728",Y,miles
964,Rachel Thomas,821-11-4813,"5225 Lang Knoll Suite 638
New Donald, IA 48823",N,miles
965,Darrell Greer,704-26-6203,"056 Valentine Place
Lake Cindyville, ND 53401",N,hours
966,Ryan Vega,144-14-8953,"90145 Angela Heights Suite 717
Christopherchester, AR 18983",N,miles
967,Jennifer Flynn,736-90-2805,"8149 Garrett Fords
South Rebeccaview, WI 50874",N,miles
968,Sean Bowen,285-07-9927,"928 Ronnie Cove Apt. 901
Georgeborough, CT 34583",N,hours
969,Jacob Norton,121-46-1869,"62804 Elizabeth Knoll Apt. 469
Aguilarfurt, HI 34795",N,hours
970,Steven Mullen,442-33-2664,"359 Burns Mews Apt. 274
North Elizabeth, DC 55478",N,hours
971,Melissa Nguyen,024-46-3127,"198 Jordan Ports Apt. 263
Espinozaton, WV 87442",Y,miles
972,Lisa Mccarthy,454-87-9093,"4321 Moore Ranch
Christopherstad, IL 99812",Y,miles
973,Samantha Hoffman,460-79-1294,"1073 Jennifer Run Apt. 084
Harrishaven, OK 03710",Y,hours
974,Larry Frye,664-69-2429,"3980 Little Dale Suite 919
Markton, NJ 67698",Y,miles
975,Rose Hall,783-94-0348,"312 Johnson Park Suite 360
Phillipsfort, RI 41165",N,hours
976,Richard Jacobs,246-98-9654,"567 Fritz Field
Port Christianchester, DE 39567",N,miles
977,Tiffany Lester,480-31-0194,"9259 Jeffery Trafficway
North Gabriel, MP 70667",N,hours
978,Christopher Jacobs,825-52-9121,"40331 Tammy Expressway Suite 331
Elizabethmouth, VA 75707",N,hours
979,Paula Reed,254-57-6272,"129 Williams Shores Apt. 404
West Malik, OK 75358",Y,miles
980,David Price,035-68-1692,"924 James Mews Suite 508
South Nicholeport, GA 57849",N,miles
981,Kathleen Odonnell,376-93-5493,"355 Russo Ferry Apt. 133
North Kathy, ND 43672",N,hours
982,Patrick Brown,697-95-1258,"534 Michael Springs Suite 023
Lake Teresaberg, IN 98447",Y,miles
983,Amber Acosta,415-97-8341,"693 Lucas Expressway
Kirkburgh, OK 43586",Y,miles
984,Eric Smith,703-51-6147,"3126 Zachary Lake
North Kennethtown, NY 20769",N,hours
985,Douglas Wiggins,847-02-5018,"49847 Edward Lights
Hubbardfort, WY 92200",N,hours
986,Kathleen Smith,133-12-9344,"52245 Walsh Squares Suite 899
Timothyhaven, WI 59080",Y,hours
987,Nicholas Palmer,623-76-9673,"PSC 6163, Box 6400
APO AP 61314",N,hours
988,Kayla Murray,625-36-1179,"5535 Medina Common Suite 998
North Bradley, NC 43362",N,miles
989,Antonio Scott,522-22-2864,"16786 Christopher Place Apt. 222
West Wendyborough, MN 31708",N,hours
990,Gerald Parsons,653-81-7744,"PSC 8096, Box 3059
APO AP 60125",N,hours
991,James Carrillo,410-16-9262,"2602 Michelle Ports Suite 503
Rhondaport, UT 88112",N,hours
992,Christian Hamilton,157-24-8474,"8876 Trevor Dale Apt. 578
Smithshire, NJ 36150",N,hours
993,Emily Jones,745-59-4771,"75693 William Stream
New Lisa, AZ 20954",Y,hours
994,John Morales,188-43-2374,"31883 Christine Rapids Suite 276
Jacksonchester, LA 35940",N,hours
995,Cassandra Lowe,333-07-2929,"398 Gomez Loop
New Jameshaven, WI 79548",N,hours
996,Marilyn Booth,064-48-0592,"24345 Tony Shore
Port Tony, MN 85924",N,hours
997,Shannon Baker,469-59-9147,"7332 Cochran Manor Suite 708
Lake Anthony, PA 70839",Y,hours
998,Dr. Daniel Jones,006-08-0061,"23842 Samuel Plain Apt. 653
New Willietown, NM 04255",Y,hours
999,John Lopez,586-57-0846,"7270 Richard Grove
Anthonymouth, AZ 37197",N,miles
1000,Tonya Jones,879-67-3121,"38547 Ana Forges Apt. 506
Samanthabury, CO 92596",Y,hours
1001,Brian Acosta,004-20-7754,"USNV Garner
FPO AP 86087",Y,hours
1002,Matthew Moran,056-36-1897,"426 Barry Lock Suite 810
West Wendy, CO 06538",Y,hours
1003,Peter Freeman,480-57-0996,"041 Alexander Forge
Lake Angelaberg, WV 86751",N,hours
1004,Rebecca Vazquez,513-50-0004,"91337 Brian Bridge
New William, NM 92582",N,miles
1005,Jonathan Lee,046-26-5371,"937 Oconnell Islands
South Lisa, IA 54740",N,miles
1006,Tina Petersen,643-64-8759,"122 Aaron Hills
Gibsonshire, CA 40865",Y,hours
1007,Joseph Rice,374-81-4211,"634 Miller Stream Suite 027
Jillton, NC 60777",Y,miles
1008,Jessica Edwards,340-78-8882,"677 Quinn Mall Apt. 508
Margaretview, AL 55319",N,miles
1009,Mary Wilson,623-52-8249,"USNV Pope
FPO AA 59205",Y,hours
